Playing Time,,,,Performance,,,,,,,,Per 90 Minutes,,,,,,,,,,,,
Rk,Player,Nation,Pos,Squad,Age,Born,MP,Starts,Min,90s,Gls,Ast,G+A,G-PK,PK,PKatt,CrdY,CrdR,Gls,Ast,G+A,G-PK,G+A-PK,Matches
1,Christian Abbiati,it ITA,GK,it Milan,23,1977,5,5,450,5.0,0,0,0,0,0,0,0,0,0.00,0.00,0.00,0.00,0.00,Matches
2,Éric Abidal,fr FRA,DF,fr Monaco,20,1979,1,1,90,1.0,0,0,0,0,0,0,0,0,0.00,0.00,0.00,0.00,0.00,Matches
3,Vitaliy Abramov,kz KAZ,MF,ua Shakhtar Donetsk,26,1974,5,5,279,3.1,1,0,1,1,0,0,0,0,0.32,0.00,0.32,0.32,0.32,Matches
4,Alberto Acosta,ar ARG,FW,pt Sporting CP,33,1966,6,4,409,4.5,0,0,0,0,0,0,0,0,0.00,0.00,0.00,0.00,0.00,Matches
5,Tony Adams,eng ENG,DF,eng Arsenal,33,1966,8,8,720,8.0,0,0,0,0,0,0,1,0,0.00,0.00,0.00,0.00,0.00,Matches
6,Pablo Aimar,ar ARG,MF,es Valencia,20,1979,8,6,498,5.5,0,1,1,0,0,0,0,1,0.00,0.18,0.18,0.00,0.18,Matches
7,Bülent Akın,tr TUR,MF,tr Galatasaray,21,1978,9,4,617,6.9,1,0,1,1,0,0,3,0,0.15,0.00,0.15,0.15,0.15,Matches
8,Ayhan Akman,tr TUR,MF,tr Beşiktaş,23,1977,3,1,119,1.3,0,0,0,0,0,0,0,0,0.00,0.00,0.00,0.00,0.00,Matches
9,Fatih Akyel,tr TUR,DF,tr Galatasaray,22,1977,10,7,784,8.7,0,2,2,0,0,0,1,0,0.00,0.23,0.23,0.00,0.23,Matches
10,Murat Alaçayır,tr TUR,MF,tr Beşiktaş,26,1973,1,0,28,0.3,0,0,0,0,0,0,0,0,0.00,0.00,0.00,0.00,0.00,Matches
11,David Albelda,es ESP,"DF,MF",es Valencia,22,1977,11,7,656,7.3,0,1,1,0,0,0,2,0,0.00,0.14,0.14,0.00,0.14,Matches
12,Demetrio Albertini,it ITA,"FW,MF",it Milan,28,1971,9,9,810,9.0,2,5,7,2,0,0,3,0,0.22,0.56,0.78,0.22,0.78,Matches
13,Jörg Albertz,de GER,MF,sct Rangers,29,1971,3,3,265,2.9,1,0,1,1,0,1,0,0,0.34,0.00,0.34,0.34,0.34,Matches
14,Alexis Alexandris,gr GRE,FW,gr Olympiacos,31,1968,1,0,32,0.4,0,0,0,0,0,0,0,0,0.00,0.00,0.00,0.00,0.00,Matches
15,Jimmy Algerino,fr FRA,DF,fr Paris Saint-Germain,28,1971,9,7,726,8.1,1,1,2,1,0,0,2,0,0.12,0.12,0.25,0.12,0.25,Matches
16,Marian Aliuță,ro ROU,MF,ua Shakhtar Donetsk,22,1978,3,3,174,1.9,0,0,0,0,0,0,1,0,0.00,0.00,0.00,0.00,0.00,Matches
17,Diego Alonso,uy URU,FW,es Valencia,25,1975,10,6,492,5.5,4,0,4,4,0,0,1,0,0.73,0.00,0.73,0.73,0.73,Matches
18,Gabriel Álvez,uy URU,FW,gr Olympiacos,25,1974,1,1,90,1.0,0,0,0,0,0,0,1,0,0.00,0.00,0.00,0.00,0.00,Matches
19,Georgios Amanatidis,gr GRE,DF,gr Olympiacos,30,1970,6,6,540,6.0,0,0,0,0,0,0,2,0,0.00,0.00,0.00,0.00,0.00,Matches
20,Ángel Amarilla,py PAR,DF,es Valencia,19,1981,1,0,32,0.4,0,0,0,0,0,0,0,0,0.00,0.00,0.00,0.00,0.00,Matches
21,Massimo Ambrosini,it ITA,MF,it Milan,23,1977,5,5,444,4.9,0,0,0,0,0,0,1,0,0.00,0.00,0.00,0.00,0.00,Matches
22,Lorenzo Amoruso,it ITA,DF,sct Rangers,29,1971,5,5,450,5.0,0,0,0,0,0,0,1,0,0.00,0.00,0.00,0.00,0.00,Matches
23,Dmitri Ananko,ru RUS,DF,ru Spartak Moscow,26,1973,9,9,807,9.0,0,0,0,0,0,0,5,0,0.00,0.00,0.00,0.00,0.00,Matches
24,Georgios Anatolakis,gr GRE,DF,gr Olympiacos,26,1974,2,0,33,0.4,0,0,0,0,0,0,0,0,0.00,0.00,0.00,0.00,0.00,Matches
25,Sonny Anderson,br BRA,FW,fr Lyon,29,1970,12,12,967,10.7,4,3,7,3,1,1,0,0,0.37,0.28,0.65,0.28,0.56,Matches
Rk,Player,Nation,Pos,Squad,Age,Born,MP,Starts,Min,90s,Gls,Ast,G+A,G-PK,PK,PKatt,CrdY,CrdR,Gls,Ast,G+A,G-PK,G+A-PK,Matches
26,Christoffer Andersson,se SWE,"DF,MF",se Helsingborg,21,1978,5,2,272,3.0,0,0,0,0,0,0,0,0,0.00,0.00,0.00,0.00,0.00,Matches
27,Patrik Andersson,se SWE,DF,de Bayern Munich,28,1971,12,12,"1,065",11.8,0,0,0,0,0,0,1,0,0.00,0.00,0.00,0.00,0.00,Matches
28,Sven Andersson,se SWE,GK,se Helsingborg,36,1963,6,6,540,6.0,0,0,0,0,0,0,0,0,0.00,0.00,0.00,0.00,0.00,Matches
29,Nicolas Anelka,fr FRA,FW,fr Paris Saint-Germain,21,1979,9,7,734,8.2,5,1,6,5,0,0,0,0,0.61,0.12,0.74,0.61,0.74,Matches
30,Miguel Ángel Angulo,es ESP,"FW,MF",es Valencia,23,1977,9,6,545,6.1,0,0,0,0,0,0,3,0,0.00,0.00,0.00,0.00,0.00,Matches
31,Jocelyn Angloma,fr FRA,"DF,MF",es Valencia,34,1965,16,15,"1,391",15.5,1,1,2,1,0,0,1,0,0.06,0.06,0.13,0.06,0.13,Matches
32,Paraskevas Antzas,gr GRE,DF,gr Olympiacos,23,1976,3,3,270,3.0,0,0,0,0,0,0,1,0,0.00,0.00,0.00,0.00,0.00,Matches
33,Leonardo Araújo,br BRA,"DF,MF",it Milan,30,1969,4,4,263,2.9,1,0,1,1,0,0,1,0,0.34,0.00,0.34,0.34,0.34,Matches
34,Francesc Arnau,es ESP,GK,es Barcelona,25,1975,1,1,90,1.0,0,0,0,0,0,0,0,0,0.00,0.00,0.00,0.00,0.00,Matches
35,John Arne Riise,no NOR,"DF,MF",fr Monaco,19,1980,2,1,125,1.4,0,0,0,0,0,0,0,0,0.00,0.00,0.00,0.00,0.00,Matches
36,Mikel Arteta,es ESP,MF,fr Paris Saint-Germain,18,1982,4,4,248,2.8,0,0,0,0,0,0,0,0,0.00,0.00,0.00,0.00,0.00,Matches
37,Emre Aşık,tr TUR,DF,tr Galatasaray,26,1973,4,2,209,2.3,0,0,0,0,0,0,0,0,0.00,0.00,0.00,0.00,0.00,Matches
38,Faruk Atalay,tr TUR,MF,tr Galatasaray,19,1981,6,0,100,1.1,0,0,0,0,0,0,0,0,0.00,0.00,0.00,0.00,0.00,Matches
39,Serhiy Atelkin,ua UKR,FW,ua Shakhtar Donetsk,28,1972,6,6,475,5.3,1,1,2,1,0,0,1,0,0.19,0.19,0.38,0.19,0.38,Matches
40,Fábio Aurélio,br BRA,"DF,MF",es Valencia,20,1979,1,1,90,1.0,0,0,0,0,0,0,0,0,0.00,0.00,0.00,0.00,0.00,Matches
41,Roberto Ayala,ar ARG,DF,es Valencia,27,1973,9,9,768,8.5,2,0,2,2,0,0,2,0,0.23,0.00,0.23,0.23,0.23,Matches
42,Serkan Aykut,tr TUR,"FW,MF",tr Galatasaray,25,1975,3,1,125,1.4,0,0,0,0,0,0,0,0,0.00,0.00,0.00,0.00,0.00,Matches
43,Ibrahim Ba,fr FRA,MF,it Milan,26,1973,4,2,223,2.5,0,0,0,0,0,0,0,0,0.00,0.00,0.00,0.00,0.00,Matches
44,Phil Babb,ie IRL,DF,pt Sporting CP,29,1970,2,2,120,1.3,0,0,0,0,0,0,0,0,0.00,0.00,0.00,0.00,0.00,Matches
45,Jonathan Bachini,it ITA,MF,it Juventus,25,1975,3,0,92,1.0,0,0,0,0,0,0,1,0,0.00,0.00,0.00,0.00,0.00,Matches
46,Jacek Bąk,pl POL,DF,fr Lyon,27,1973,1,0,19,0.2,0,0,0,0,0,0,0,0,0.00,0.00,0.00,0.00,0.00,Matches
47,Aleksei Bakharev,ru RUS,MF,ua Shakhtar Donetsk,23,1976,6,6,519,5.8,1,1,2,1,0,0,0,0,0.17,0.17,0.35,0.17,0.35,Matches
48,Eirik Bakke,no NOR,MF,eng Leeds United,22,1977,11,9,836,9.3,1,0,1,1,0,0,2,0,0.11,0.00,0.11,0.11,0.11,Matches
49,Michael Ballack,de GER,MF,de Leverkusen,23,1976,5,5,435,4.8,2,0,2,2,0,0,1,0,0.41,0.00,0.41,0.41,0.41,Matches
50,Rubén Baraja,es ESP,MF,es Valencia,25,1975,14,14,"1,289",14.3,2,0,2,2,0,0,5,0,0.14,0.00,0.14,0.14,0.14,Matches
Rk,Player,Nation,Pos,Squad,Age,Born,MP,Starts,Min,90s,Gls,Ast,G+A,G-PK,PK,PKatt,CrdY,CrdR,Gls,Ast,G+A,G-PK,G+A-PK,Matches
51,Vasili Baranov,by BLR,MF,ru Spartak Moscow,27,1972,11,10,889,9.9,0,1,1,0,0,0,0,0,0.00,0.10,0.10,0.00,0.10,Matches
52,Sergej Barbarez,ba BIH,"FW,MF",de Hamburger SV,28,1971,6,6,536,6.0,1,0,1,1,0,0,0,1,0.17,0.00,0.17,0.17,0.17,Matches
53,Pedro Barbosa,pt POR,MF,pt Sporting CP,29,1970,3,1,144,1.6,0,0,0,0,0,0,1,0,0.00,0.00,0.00,0.00,0.00,Matches
54,Sergi Barjuán,es ESP,DF,es Barcelona,28,1971,6,6,514,5.7,0,1,1,0,0,0,0,0,0.00,0.18,0.18,0.00,0.18,Matches
55,Roberto Baronio,it ITA,MF,it Lazio,22,1977,7,4,366,4.1,1,0,1,1,0,0,4,0,0.25,0.00,0.25,0.25,0.25,Matches
56,Fabien Barthez,fr FRA,GK,eng Manchester Utd,29,1971,12,12,"1,08",12.0,0,0,0,0,0,0,0,0,0.00,0.00,0.00,0.00,0.00,Matches
57,Walter Baseggio,be BEL,MF,be Anderlecht,21,1978,10,10,900,10.0,0,3,3,0,0,0,1,0,0.00,0.30,0.30,0.00,0.30,Matches
58,Angelos Basinas,gr GRE,MF,gr Panathinaikos,24,1976,12,12,"1,069",11.9,2,0,2,0,2,2,0,0,0.17,0.00,0.17,0.00,0.00,Matches
59,Christer Basma,no NOR,DF,no Rosenborg,27,1972,6,6,526,5.8,0,0,0,0,0,0,1,0,0.00,0.00,0.00,0.00,0.00,Matches
60,David Batty,eng ENG,MF,eng Leeds United,31,1968,8,7,631,7.0,0,1,1,0,0,0,1,2,0.00,0.14,0.14,0.00,0.14,Matches
61,David Beckham,eng ENG,MF,eng Manchester Utd,25,1975,12,11,987,11.0,0,4,4,0,0,0,3,0,0.00,0.36,0.36,0.00,0.36,Matches
62,Bayram Bektaş,tr TUR,MF,tr Beşiktaş,26,1974,2,0,28,0.3,0,0,0,0,0,0,0,0,0.00,0.00,0.00,0.00,0.00,Matches
63,Emre Belözoğlu,tr TUR,MF,tr Galatasaray,19,1980,8,8,636,7.1,0,0,0,0,0,0,3,1,0.00,0.00,0.00,0.00,0.00,Matches
64,Petter Belsvik,no NOR,FW,no Rosenborg,32,1967,4,1,81,0.9,0,0,0,0,0,0,0,0,0.00,0.00,0.00,0.00,0.00,Matches
65,Selim Benachour,tn TUN,MF,fr Paris Saint-Germain,18,1981,1,0,2,0.0,0,0,0,0,0,0,0,0,0.00,0.00,0.00,0.00,0.00,Matches
66,Ali Benarbia,dz ALG,MF,fr Paris Saint-Germain,31,1968,6,4,383,4.3,0,3,3,0,0,0,0,0,0.00,0.70,0.70,0.00,0.70,Matches
67,Ørjan Berg,no NOR,MF,no Rosenborg,31,1968,5,5,450,5.0,1,2,3,1,0,0,3,0,0.20,0.40,0.60,0.20,0.60,Matches
68,Dennis Bergkamp,nl NED,FW,eng Arsenal,31,1969,5,3,271,3.0,1,2,3,1,0,0,0,0,0.33,0.66,1.00,0.33,1.00,Matches
69,Emanuele Berrettoni,it ITA,FW,it Lazio,19,1981,1,0,44,0.5,0,0,0,0,0,0,0,0,0.00,0.00,0.00,0.00,0.00,Matches
70,Marinus Bester,de GER,FW,de Hamburger SV,31,1969,2,0,49,0.5,0,0,0,0,0,0,1,0,0.00,0.00,0.00,0.00,0.00,Matches
71,Beto,pt POR,DF,pt Sporting CP,24,1976,5,5,450,5.0,0,0,0,0,0,0,0,0,0.00,0.00,0.00,0.00,0.00,Matches
72,Artyom Bezrodny,ru RUS,MF,ru Spartak Moscow,21,1979,11,8,724,8.0,1,0,1,1,0,0,0,0,0.12,0.00,0.12,0.12,0.12,Matches
73,Oliver Bierhoff,de GER,FW,it Milan,32,1968,10,8,709,7.9,2,2,4,2,0,0,1,0,0.25,0.25,0.51,0.25,0.51,Matches
74,Bino,pt POR,MF,pt Sporting CP,27,1972,6,5,495,5.5,0,0,0,0,0,0,0,0,0.00,0.00,0.00,0.00,0.00,Matches
75,Alessandro Birindelli,it ITA,DF,it Juventus,25,1974,5,1,168,1.9,0,0,0,0,0,0,0,0,0.00,0.00,0.00,0.00,0.00,Matches
Rk,Player,Nation,Pos,Squad,Age,Born,MP,Starts,Min,90s,Gls,Ast,G+A,G-PK,PK,PKatt,CrdY,CrdR,Gls,Ast,G+A,G-PK,G+A-PK,Matches
76,Joachim Björklund,se SWE,DF,es Valencia,29,1971,3,2,211,2.3,0,0,0,0,0,0,0,0,0.00,0.00,0.00,0.00,0.00,Matches
77,Serge Blanc,fr FRA,DF,fr Lyon,27,1972,1,0,20,0.2,0,0,0,0,0,0,0,0,0.00,0.00,0.00,0.00,0.00,Matches
78,Jaromír Blažek,cz CZE,GK,cz Sparta Prague,27,1972,1,1,90,1.0,0,0,0,0,0,0,0,0,0.00,0.00,0.00,0.00,0.00,Matches
79,Derek Boateng,gh GHA,MF,gr Panathinaikos,17,1983,3,1,165,1.8,0,0,0,0,0,0,1,0,0.00,0.00,0.00,0.00,0.00,Matches
80,Robert Boateng,gh GHA,MF,no Rosenborg,26,1974,1,0,6,0.1,0,0,0,0,0,0,0,0,0.00,0.00,0.00,0.00,0.00,Matches
81,Zvonimir Boban,hr CRO,MF,it Milan,31,1968,7,3,280,3.1,0,0,0,0,0,0,0,0,0.00,0.00,0.00,0.00,0.00,Matches
82,László Bodnár,hu HUN,DF,ua Dynamo Kyiv,21,1979,4,3,233,2.6,0,0,0,0,0,0,0,0,0.00,0.00,0.00,0.00,0.00,Matches
83,Frank de Boer,nl NED,DF,es Barcelona,30,1970,4,3,315,3.5,2,0,2,2,0,0,0,0,0.57,0.00,0.57,0.57,0.57,Matches
84,Ronald de Boer,nl NED,"FW,MF",sct Rangers,30,1970,6,6,508,5.6,1,3,4,1,0,0,2,0,0.18,0.53,0.71,0.18,0.71,Matches
85,René Bolf,cz CZE,DF,cz Sparta Prague,26,1974,6,6,539,6.0,0,0,0,0,0,0,0,0,0.00,0.00,0.00,0.00,0.00,Matches
86,Mark van Bommel,nl NED,MF,nl PSV,23,1977,6,6,540,6.0,2,1,3,2,0,0,2,0,0.33,0.17,0.50,0.33,0.50,Matches
87,Nicolas Bonnal,fr FRA,MF,fr Monaco,23,1976,6,4,427,4.7,1,0,1,1,0,0,2,0,0.21,0.00,0.21,0.21,0.21,Matches
88,Wilfred Bouma,nl NED,DF,nl PSV,22,1978,3,3,246,2.7,1,0,1,1,0,0,0,0,0.37,0.00,0.37,0.37,0.37,Matches
89,Lee Bowyer,eng ENG,MF,eng Leeds United,23,1977,13,13,"1,17",13.0,6,2,8,6,0,0,3,0,0.46,0.15,0.62,0.46,0.62,Matches
90,Ümit Bozkurt,tr TUR,DF,tr Beşiktaş,24,1976,6,6,540,6.0,0,0,0,0,0,0,0,0,0.00,0.00,0.00,0.00,0.00,Matches
91,Thomas Brdarić,de GER,FW,de Leverkusen,25,1975,6,3,207,2.3,2,1,3,2,0,0,1,0,0.87,0.43,1.30,0.87,1.30,Matches
92,Jérémie Bréchet,fr FRA,"DF,MF",fr Lyon,20,1979,12,11,996,11.1,0,0,0,0,0,0,1,0,0.00,0.00,0.00,0.00,0.00,Matches
93,Michael Bridges,eng ENG,"FW,MF",eng Leeds United,21,1978,3,3,207,2.3,0,0,0,0,0,0,0,0,0.00,0.00,0.00,0.00,0.00,Matches
94,Dražen Brnčić,be BEL,"DF,MF",it Milan,29,1971,1,0,6,0.1,0,0,0,0,0,0,0,0,0.00,0.00,0.00,0.00,0.00,Matches
95,Giovanni van Bronckhorst,nl NED,"DF,MF",sct Rangers,25,1975,4,4,324,3.6,3,3,6,3,0,0,0,0,0.83,0.83,1.67,0.83,1.67,Matches
96,Wes Brown,eng ENG,DF,eng Manchester Utd,20,1979,11,10,843,9.4,0,0,0,0,0,0,0,0,0.00,0.00,0.00,0.00,0.00,Matches
97,Arnold Bruggink,nl NED,"FW,MF",nl PSV,23,1977,5,4,326,3.6,1,1,2,1,0,0,0,0,0.28,0.28,0.55,0.28,0.55,Matches
98,Viktor Bulatov,ru RUS,MF,ru Spartak Moscow,28,1972,12,12,"1,08",12.0,0,0,0,0,0,0,2,0,0.00,0.00,0.00,0.00,0.00,Matches
99,Jacob Burns,au AUS,MF,eng Leeds United,22,1978,4,4,255,2.8,0,0,0,0,0,0,0,0,0.00,0.00,0.00,0.00,0.00,Matches
100,Okan Buruk,tr TUR,MF,tr Galatasaray,26,1973,11,9,783,8.7,0,0,0,0,0,0,0,0,0.00,0.00,0.00,0.00,0.00,Matches
Rk,Player,Nation,Pos,Squad,Age,Born,MP,Starts,Min,90s,Gls,Ast,G+A,G-PK,PK,PKatt,CrdY,CrdR,Gls,Ast,G+A,G-PK,G+A-PK,Matches
101,Yevgeni Bushmanov,ru RUS,DF,ru Spartak Moscow,28,1971,2,1,48,0.5,0,0,0,0,0,0,0,0,0.00,0.00,0.00,0.00,0.00,Matches
102,Hans-Jörg Butt,de GER,GK,de Hamburger SV,26,1974,6,6,540,6.0,1,0,1,0,1,1,0,0,0.17,0.00,0.17,0.00,0.00,Matches
103,Nicky Butt,eng ENG,"DF,MF",eng Manchester Utd,25,1975,11,8,788,8.8,1,0,1,1,0,0,3,0,0.11,0.00,0.11,0.11,0.11,Matches
104,Valyantsin Byalkevich,by BLR,MF,ua Dynamo Kyiv,27,1973,6,6,540,6.0,1,0,1,1,0,0,0,0,0.17,0.00,0.17,0.17,0.17,Matches
105,Oleksiy Byelik,ua UKR,FW,ua Shakhtar Donetsk,19,1981,6,1,130,1.4,1,0,1,1,0,0,1,0,0.69,0.00,0.69,0.69,0.69,Matches
106,Caçapa,br BRA,"DF,MF",fr Lyon,24,1976,2,2,180,2.0,0,0,0,0,0,0,0,0,0.00,0.00,0.00,0.00,0.00,Matches
107,Bruno Caires,pt POR,MF,pt Sporting CP,24,1976,1,0,18,0.2,0,0,0,0,0,0,0,0,0.00,0.00,0.00,0.00,0.00,Matches
108,Iván Campo,es ESP,"DF,MF",es Real Madrid,26,1974,5,5,361,4.0,0,0,0,0,0,0,0,0,0.00,0.00,0.00,0.00,0.00,Matches
109,Santiago Cañizares,es ESP,GK,es Valencia,30,1969,16,16,"1,47",16.3,0,0,0,0,0,0,1,0,0.00,0.00,0.00,0.00,0.00,Matches
110,Joan Capdevila,es ESP,DF,es Dep La Coruña,22,1978,3,2,207,2.3,0,0,0,0,0,0,0,0,0.00,0.00,0.00,0.00,0.00,Matches
111,Capone,br BRA,DF,tr Galatasaray,28,1972,9,8,697,7.7,1,1,2,1,0,0,1,0,0.13,0.13,0.26,0.13,0.26,Matches
112,Amedeo Carboni,it ITA,DF,es Valencia,35,1965,12,12,"1,11",12.3,0,0,0,0,0,0,5,0,0.00,0.00,0.00,0.00,0.00,Matches
113,Rodolfo Cardoso,ar ARG,MF,de Hamburger SV,31,1968,3,1,113,1.3,0,1,1,0,0,0,1,0,0.00,0.80,0.80,0.00,0.80,Matches
114,John Carew,no NOR,FW,es Valencia,20,1979,17,12,"1,081",12.0,3,1,4,3,0,0,0,0,0.25,0.08,0.33,0.25,0.33,Matches
115,Roberto Carlos,br BRA,DF,es Real Madrid,27,1973,14,14,"1,216",13.5,4,3,7,4,0,0,1,0,0.30,0.22,0.52,0.30,0.52,Matches
116,Juan Carlos Valerón,es ESP,MF,es Dep La Coruña,25,1975,8,4,456,5.1,0,1,1,0,0,0,0,0,0.00,0.20,0.20,0.00,0.20,Matches
117,Iker Casillas,es ESP,GK,es Real Madrid,19,1981,11,11,990,11.0,0,0,0,0,0,0,0,0,0.00,0.00,0.00,0.00,0.00,Matches
118,Lucas Castromán,ar ARG,"FW,MF",it Lazio,19,1980,3,3,237,2.6,0,2,2,0,0,0,1,0,0.00,0.76,0.76,0.00,0.76,Matches
119,Albert Celades,es ESP,MF,es Real Madrid,24,1975,9,4,494,5.5,0,0,0,0,0,0,0,0,0.00,0.00,0.00,0.00,0.00,Matches
120,Luke Chadwick,eng ENG,MF,eng Manchester Utd,19,1980,3,1,123,1.4,0,1,1,0,0,0,0,0,0.00,0.73,0.73,0.00,0.73,Matches
121,Kostas Chalkias,gr GRE,GK,gr Panathinaikos,26,1974,4,4,334,3.7,0,0,0,0,0,0,0,0,0.00,0.00,0.00,0.00,0.00,Matches
122,José Chamot,ar ARG,DF,it Milan,31,1969,7,6,521,5.8,0,0,0,0,0,0,3,0,0.00,0.00,0.00,0.00,0.00,Matches
123,Jean-Marc Chanelet,fr FRA,DF,fr Lyon,32,1968,3,2,195,2.2,0,0,0,0,0,0,0,0,0.00,0.00,0.00,0.00,0.00,Matches
124,Lampros Choutos,gr GRE,"FW,MF",gr Olympiacos,20,1979,3,1,82,0.9,0,0,0,0,0,0,0,0,0.00,0.00,0.00,0.00,0.00,Matches
125,Philippe Christanval,fr FRA,DF,fr Monaco,21,1978,5,5,450,5.0,0,0,0,0,0,0,0,0,0.00,0.00,0.00,0.00,0.00,Matches
Rk,Player,Nation,Pos,Squad,Age,Born,MP,Starts,Min,90s,Gls,Ast,G+A,G-PK,PK,PKatt,CrdY,CrdR,Gls,Ast,G+A,G-PK,G+A-PK,Matches
126,Christian,br BRA,FW,fr Paris Saint-Germain,25,1975,8,6,585,6.5,5,0,5,5,0,0,0,0,0.77,0.00,0.77,0.77,0.77,Matches
127,Jesper Christiansen,dk DEN,GK,sct Rangers,22,1978,2,2,180,2.0,0,0,0,0,0,0,0,0,0.00,0.00,0.00,0.00,0.00,Matches
128,Aliou Cissé,sn SEN,"DF,MF",fr Paris Saint-Germain,24,1976,4,4,329,3.7,0,0,0,0,0,0,0,0,0.00,0.00,0.00,0.00,0.00,Matches
129,Édouard Cissé,fr FRA,MF,fr Paris Saint-Germain,22,1978,9,7,579,6.4,0,0,0,0,0,0,4,0,0.00,0.00,0.00,0.00,0.00,Matches
130,Cláudio,br BRA,FW,nl PSV,21,1979,2,0,43,0.5,0,0,0,0,0,0,0,0,0.00,0.00,0.00,0.00,0.00,Matches
131,Francesco Coco,it ITA,DF,it Milan,23,1977,9,9,774,8.6,2,1,3,2,0,0,0,1,0.23,0.12,0.35,0.23,0.35,Matches
132,Phillip Cocu,nl NED,"DF,FW",es Barcelona,29,1970,5,5,368,4.1,1,0,1,1,0,0,0,0,0.24,0.00,0.24,0.24,0.24,Matches
133,Andy Cole,eng ENG,FW,eng Manchester Utd,28,1971,10,9,851,9.5,4,0,4,4,0,0,1,0,0.42,0.00,0.42,0.42,0.42,Matches
134,Ashley Cole,eng ENG,DF,eng Arsenal,19,1980,9,8,765,8.5,0,1,1,0,0,0,2,0,0.00,0.12,0.12,0.00,0.12,Matches
135,Francesco Colonnese,it ITA,DF,it Lazio,28,1971,4,3,281,3.1,0,0,0,0,0,0,1,0,0.00,0.00,0.00,0.00,0.00,Matches
136,Gianni Comandini,it ITA,FW,it Milan,23,1977,2,0,29,0.3,0,0,0,0,0,0,0,0,0.00,0.00,0.00,0.00,0.00,Matches
137,Flávio Conceição,br BRA,MF,es Real Madrid,26,1974,4,2,191,2.1,0,0,0,0,0,0,0,0,0.00,0.00,0.00,0.00,0.00,Matches
138,Antonio Conte,it ITA,MF,it Juventus,31,1969,5,5,360,4.0,0,0,0,0,0,0,1,0,0.00,0.00,0.00,0.00,0.00,Matches
139,Pablo Contreras,cl CHI,DF,fr Monaco,21,1978,3,3,270,3.0,1,0,1,1,0,0,1,0,0.33,0.00,0.33,0.33,0.33,Matches
140,Alessandro Costacurta,it ITA,DF,it Milan,34,1966,7,7,599,6.7,0,0,0,0,0,0,2,0,0.00,0.00,0.00,0.00,0.00,Matches
141,Costinha,pt POR,MF,fr Monaco,25,1974,1,1,90,1.0,1,0,1,1,0,0,0,0,1.00,0.00,1.00,1.00,1.00,Matches
142,Grégory Coupet,fr FRA,GK,fr Lyon,27,1972,12,12,"1,08",12.0,0,0,0,0,0,0,1,0,0.00,0.00,0.00,0.00,0.00,Matches
143,Uliano Courville,fr FRA,MF,fr Monaco,21,1978,1,0,7,0.1,0,0,0,0,0,0,0,0,0.00,0.00,0.00,0.00,0.00,Matches
144,Fernando Couto,pt POR,DF,it Lazio,30,1969,8,7,668,7.4,0,0,0,0,0,0,1,0,0.00,0.00,0.00,0.00,0.00,Matches
145,Bertrand Crasson,be BEL,DF,be Anderlecht,28,1971,11,11,953,10.6,0,1,1,0,0,0,1,0,0.00,0.09,0.09,0.00,0.09,Matches
146,Hernán Crespo,ar ARG,FW,it Lazio,25,1975,6,4,398,4.4,2,2,4,2,0,0,0,0,0.45,0.45,0.90,0.45,0.90,Matches
147,André Cruz,br BRA,DF,pt Sporting CP,31,1968,6,6,540,6.0,2,2,4,2,0,0,1,1,0.33,0.33,0.67,0.33,0.67,Matches
148,Ousmane Dabo,fr FRA,MF,fr Monaco,23,1977,4,4,234,2.6,0,0,0,0,0,0,2,1,0.00,0.00,0.00,0.00,0.00,Matches
149,Olivier Dacourt,fr FRA,MF,eng Leeds United,25,1974,13,13,"1,12",12.4,0,0,0,0,0,0,4,0,0.00,0.00,0.00,0.00,0.00,Matches
150,Stéphane Dalmat,fr FRA,MF,fr Paris Saint-Germain,21,1979,6,6,511,5.7,0,0,0,0,0,0,1,0,0.00,0.00,0.00,0.00,0.00,Matches
Rk,Player,Nation,Pos,Squad,Age,Born,MP,Starts,Min,90s,Gls,Ast,G+A,G-PK,PK,PKatt,CrdY,CrdR,Gls,Ast,G+A,G-PK,G+A-PK,Matches
151,Ümit Davala,tr TUR,"DF,MF",tr Galatasaray,27,1973,12,10,859,9.5,2,1,3,0,2,2,2,0,0.21,0.10,0.31,0.00,0.10,Matches
152,Edgar Davids,nl NED,MF,it Juventus,27,1973,5,4,392,4.4,0,0,0,0,0,0,4,1,0.00,0.00,0.00,0.00,0.00,Matches
153,Diego De Ascentis,it ITA,MF,it Milan,24,1976,1,0,32,0.4,0,0,0,0,0,0,0,0,0.00,0.00,0.00,0.00,0.00,Matches
154,Glen De Boeck,be BEL,DF,be Anderlecht,28,1971,11,11,958,10.6,0,0,0,0,0,0,4,0,0.00,0.00,0.00,0.00,0.00,Matches
155,Filip De Wilde,be BEL,GK,be Anderlecht,36,1964,8,8,720,8.0,0,0,0,0,0,0,0,0,0.00,0.00,0.00,0.00,0.00,Matches
156,Éric Deflandre,be BEL,DF,fr Lyon,26,1973,10,10,900,10.0,0,0,0,0,0,0,3,0,0.00,0.00,0.00,0.00,0.00,Matches
157,Frédéric Déhu,fr FRA,"DF,MF",fr Paris Saint-Germain,27,1972,10,10,883,9.8,1,0,1,1,0,0,0,0,0.10,0.00,0.10,0.10,0.10,Matches
158,Alessandro Del Piero,it ITA,"FW,MF",it Juventus,25,1974,6,6,361,4.0,0,2,2,0,0,0,1,0,0.00,0.50,0.50,0.00,0.50,Matches
159,Delfim,pt POR,MF,pt Sporting CP,23,1977,2,2,135,1.5,0,0,0,0,0,0,0,0,0.00,0.00,0.00,0.00,0.00,Matches
160,Christophe Delmotte,fr FRA,"DF,MF",fr Lyon,31,1969,5,4,258,2.9,0,0,0,0,0,0,0,0,0.00,0.00,0.00,0.00,0.00,Matches
161,Giorgi Demetradze,ge GEO,FW,ua Dynamo Kyiv,23,1976,6,6,540,6.0,2,0,2,2,0,0,1,0,0.33,0.00,0.33,0.33,0.33,Matches
162,Romano Denneboom,nl NED,FW,nl Heerenveen,19,1981,3,0,39,0.4,0,0,0,0,0,0,0,0,0.00,0.00,0.00,0.00,0.00,Matches
163,Björn van der Doelen,nl NED,MF,nl PSV,23,1976,2,2,148,1.6,0,0,0,0,0,0,0,0,0.00,0.00,0.00,0.00,0.00,Matches
164,Raimond van der Gouw,nl NED,GK,eng Manchester Utd,37,1963,2,2,180,2.0,0,0,0,0,0,0,0,0,0.00,0.00,0.00,0.00,0.00,Matches
165,Edwin van der Sar,nl NED,GK,it Juventus,29,1970,6,6,505,5.6,0,0,0,0,0,0,2,1,0.00,0.00,0.00,0.00,0.00,Matches
166,Chris van der Weerden,nl NED,DF,nl PSV,27,1972,5,5,450,5.0,0,1,1,0,0,0,1,0,0.00,0.20,0.20,0.00,0.20,Matches
167,Didier Deschamps,fr FRA,MF,es Valencia,31,1968,6,4,327,3.6,0,0,0,0,0,0,0,0,0.00,0.00,0.00,0.00,0.00,Matches
168,Didier Dheedene,be BEL,DF,be Anderlecht,28,1972,11,11,990,11.0,2,0,2,2,0,0,3,0,0.18,0.00,0.18,0.18,0.18,Matches
169,Vikash Dhorasoo,fr FRA,MF,fr Lyon,26,1973,8,6,540,6.0,0,2,2,0,0,0,1,0,0.00,0.33,0.33,0.00,0.33,Matches
170,David Di Tommaso,fr FRA,DF,fr Monaco,20,1979,1,1,90,1.0,0,0,0,0,0,0,0,0,0.00,0.00,0.00,0.00,0.00,Matches
171,Dida,br BRA,GK,it Milan,26,1973,6,6,540,6.0,0,0,0,0,0,0,0,0,0.00,0.00,0.00,0.00,0.00,Matches
172,Patrick van Diemen,nl NED,MF,be Anderlecht,28,1972,6,3,325,3.6,0,0,0,0,0,0,1,0,0.00,0.00,0.00,0.00,0.00,Matches
173,Aruna Dindane,ci CIV,FW,be Anderlecht,19,1980,6,1,94,1.0,0,0,0,0,0,0,0,0,0.00,0.00,0.00,0.00,0.00,Matches
174,Sylvain Distin,fr FRA,DF,fr Paris Saint-Germain,22,1977,10,10,894,9.9,0,0,0,0,0,0,2,0,0.00,0.00,0.00,0.00,0.00,Matches
175,Lee Dixon,eng ENG,DF,eng Arsenal,36,1964,11,11,990,11.0,1,0,1,1,0,0,1,0,0.09,0.00,0.09,0.09,0.09,Matches
Rk,Player,Nation,Pos,Squad,Age,Born,MP,Starts,Min,90s,Gls,Ast,G+A,G-PK,PK,PKatt,CrdY,CrdR,Gls,Ast,G+A,G-PK,G+A-PK,Matches
176,Djalminha,br BRA,"FW,MF",es Dep La Coruña,29,1970,9,8,749,8.3,3,2,5,0,3,3,1,0,0.36,0.24,0.60,0.00,0.24,Matches
177,Martin Djetou,fr FRA,"DF,MF",fr Monaco,25,1974,5,5,406,4.5,0,1,1,0,0,0,2,1,0.00,0.22,0.22,0.00,0.22,Matches
178,Yuriy Dmytrulin,ua UKR,DF,ua Dynamo Kyiv,25,1975,4,4,352,3.9,0,1,1,0,0,0,0,0,0.00,0.26,0.26,0.00,0.26,Matches
179,Billy Dodds,sct SCO,FW,sct Rangers,31,1969,3,0,74,0.8,1,0,1,1,0,0,0,0,1.22,0.00,1.22,1.22,1.22,Matches
180,Olivier Doll,be BEL,DF,be Anderlecht,27,1973,4,4,360,4.0,0,0,0,0,0,0,2,0,0.00,0.00,0.00,0.00,0.00,Matches
181,Didier Domi,fr FRA,DF,fr Paris Saint-Germain,22,1978,2,2,180,2.0,0,0,0,0,0,0,0,0,0.00,0.00,0.00,0.00,0.00,Matches
182,Donato,es ESP,"DF,MF",es Dep La Coruña,37,1962,13,13,"1,123",12.5,0,0,0,0,0,0,2,0,0.00,0.00,0.00,0.00,0.00,Matches
183,Michael Duberry,eng ENG,DF,eng Leeds United,24,1975,2,2,180,2.0,0,0,0,0,0,0,0,0,0.00,0.00,0.00,0.00,0.00,Matches
184,Pierre Ducrocq,fr FRA,"DF,MF",fr Paris Saint-Germain,23,1976,9,7,605,6.7,0,2,2,0,0,0,3,1,0.00,0.30,0.30,0.00,0.30,Matches
185,Ahmet Dursun,tr TUR,FW,tr Beşiktaş,22,1978,6,6,520,5.8,2,0,2,2,0,0,0,0,0.35,0.00,0.35,0.35,0.35,Matches
186,Aldo Duscher,ar ARG,MF,es Dep La Coruña,21,1979,1,1,53,0.6,0,0,0,0,0,0,0,0,0.00,0.00,0.00,0.00,0.00,Matches
187,Richard Dutruel,fr FRA,GK,es Barcelona,27,1972,5,5,450,5.0,0,0,0,0,0,0,1,0,0.00,0.00,0.00,0.00,0.00,Matches
188,Arjan Ebbinge,nl NED,DF,nl Heerenveen,25,1974,4,3,247,2.7,0,0,0,0,0,0,2,1,0.00,0.00,0.00,0.00,0.00,Matches
189,Edmílson,br BRA,"DF,MF",fr Lyon,24,1976,11,11,990,11.0,1,0,1,1,0,0,2,0,0.09,0.00,0.09,0.09,0.09,Matches
190,Stefan Effenberg,de GER,MF,de Bayern Munich,31,1968,10,10,901,10.0,1,2,3,0,1,1,5,0,0.10,0.20,0.30,0.00,0.20,Matches
191,Hans Eklund,se SWE,FW,se Helsingborg,31,1969,6,3,243,2.7,0,0,0,0,0,0,0,0,0.00,0.00,0.00,0.00,0.00,Matches
192,Giovane Élber,br BRA,FW,de Bayern Munich,28,1972,16,13,"1,034",11.5,6,3,9,6,0,0,0,0,0.52,0.26,0.78,0.52,0.78,Matches
193,Dimitrios Eleftheropoulos,gr GRE,GK,gr Olympiacos,23,1976,6,6,540,6.0,0,0,0,0,0,0,2,0,0.00,0.00,0.00,0.00,0.00,Matches
194,Zé Elias,br BRA,MF,gr Olympiacos,23,1976,6,6,521,5.8,0,0,0,0,0,0,3,0,0.00,0.00,0.00,0.00,0.00,Matches
195,Wagneau Eloi,ht HAI,FW,fr Monaco,26,1973,2,0,30,0.3,0,0,0,0,0,0,0,0,0.00,0.00,0.00,0.00,0.00,Matches
196,Emerson,br BRA,MF,es Dep La Coruña,28,1972,11,11,816,9.1,0,0,0,0,0,0,3,0,0.00,0.00,0.00,0.00,0.00,Matches
197,Luis Enrique,es ESP,"FW,MF",es Barcelona,30,1970,4,3,290,3.2,2,1,3,2,0,0,3,0,0.62,0.31,0.93,0.62,0.93,Matches
198,Arif Erdem,tr TUR,FW,tr Galatasaray,28,1972,4,0,50,0.6,0,0,0,0,0,0,0,0,0.00,0.00,0.00,0.00,0.00,Matches
199,Ali Eren Beşerler,tr TUR,DF,tr Beşiktaş,24,1975,3,3,127,1.4,0,0,0,0,0,0,1,0,0.00,0.00,0.00,0.00,0.00,Matches
200,Pontus Farnerud,se SWE,MF,fr Monaco,20,1980,2,0,18,0.2,1,0,1,1,0,0,0,0,5.00,0.00,5.00,5.00,5.00,Matches
Rk,Player,Nation,Pos,Squad,Age,Born,MP,Starts,Min,90s,Gls,Ast,G+A,G-PK,PK,PKatt,CrdY,CrdR,Gls,Ast,G+A,G-PK,G+A-PK,Matches
201,Giuseppe Favalli,it ITA,DF,it Lazio,28,1972,6,6,529,5.9,1,1,2,1,0,0,0,0,0.17,0.17,0.34,0.17,0.34,Matches
202,Serhiy Fedorov,ua UKR,DF,ua Dynamo Kyiv,25,1975,4,1,136,1.5,0,0,0,0,0,0,0,0,0.00,0.00,0.00,0.00,0.00,Matches
203,Ferdinand Feldhofer,at AUT,DF,at Sturm Graz,20,1979,4,0,95,1.1,0,0,0,0,0,0,0,0,0.00,0.00,0.00,0.00,0.00,Matches
204,Rio Ferdinand,eng ENG,DF,eng Leeds United,21,1978,7,7,630,7.0,1,0,1,1,0,0,1,0,0.14,0.00,0.14,0.14,0.14,Matches
205,Barry Ferguson,sct SCO,MF,sct Rangers,22,1978,6,6,540,6.0,0,0,0,0,0,0,1,0,0.00,0.00,0.00,0.00,0.00,Matches
206,Abelardo Fernández,es ESP,DF,es Barcelona,30,1970,6,6,529,5.9,0,0,0,0,0,0,2,0,0.00,0.00,0.00,0.00,0.00,Matches
207,Fernando,es ESP,MF,es Dep La Coruña,28,1971,5,2,189,2.1,0,0,0,0,0,0,0,0,0.00,0.00,0.00,0.00,0.00,Matches
208,Ciro Ferrara,it ITA,DF,it Juventus,33,1967,6,6,504,5.6,0,1,1,0,0,0,3,0,0.00,0.18,0.18,0.00,0.18,Matches
209,Luís Figo,pt POR,"FW,MF",es Real Madrid,27,1972,11,11,940,10.4,5,7,12,2,3,3,4,0,0.48,0.67,1.15,0.19,0.86,Matches
210,Aleksandr Filimonov,ru RUS,GK,ru Spartak Moscow,26,1973,12,12,"1,08",12.0,0,0,0,0,0,0,0,0,0.00,0.00,0.00,0.00,0.00,Matches
211,Thorsten Fink,de GER,MF,de Bayern Munich,32,1967,10,10,899,10.0,0,0,0,0,0,0,2,0,0.00,0.00,0.00,0.00,0.00,Matches
212,Yannick Fischer,fr FRA,DF,de Hamburger SV,25,1974,1,0,4,0.0,0,0,0,0,0,0,0,0,0.00,0.00,0.00,0.00,0.00,Matches
213,Jan Flachbart,cz CZE,DF,cz Sparta Prague,22,1978,1,0,5,0.1,0,0,0,0,0,0,0,0,0.00,0.00,0.00,0.00,0.00,Matches
214,Andrés Fleurquin,uy URU,MF,at Sturm Graz,25,1975,11,11,961,10.7,0,1,1,0,0,0,4,0,0.00,0.09,0.09,0.00,0.09,Matches
215,Franco Foda,de GER,DF,at Sturm Graz,34,1966,2,2,135,1.5,0,0,0,0,0,0,0,0,0.00,0.00,0.00,0.00,0.00,Matches
216,Marc-Vivien Foé,cm CMR,MF,fr Lyon,25,1975,8,8,667,7.4,1,1,2,1,0,0,5,1,0.13,0.13,0.27,0.13,0.27,Matches
217,Quinton Fortune,za RSA,MF,eng Manchester Utd,23,1977,1,0,54,0.6,0,0,0,0,0,0,0,0,0.00,0.00,0.00,0.00,0.00,Matches
218,Fran,es ESP,MF,es Dep La Coruña,31,1969,9,9,679,7.5,0,1,1,0,0,0,2,0,0.00,0.13,0.13,0.00,0.13,Matches
219,Takis Fyssas,gr GRE,DF,gr Panathinaikos,27,1973,11,11,914,10.2,0,0,0,0,0,0,3,0,0.00,0.00,0.00,0.00,0.00,Matches
220,Fernando Galetto,ar ARG,MF,gr Panathinaikos,29,1971,6,4,355,3.9,0,0,0,0,0,0,0,0,0.00,0.00,0.00,0.00,0.00,Matches
221,Marcelo Gallardo,ar ARG,MF,fr Monaco,24,1976,3,3,205,2.3,0,1,1,0,0,0,0,0,0.00,0.44,0.44,0.00,0.44,Matches
222,Dani García,es ESP,FW,es Barcelona,25,1974,6,2,209,2.3,0,0,0,0,0,0,0,0,0.00,0.00,0.00,0.00,0.00,Matches
223,Gabri García,es ESP,"DF,MF",es Barcelona,21,1979,1,0,8,0.1,1,0,1,1,0,0,0,0,11.25,0.00,11.25,11.25,11.25,Matches
224,Gennaro Gattuso,it ITA,MF,it Milan,22,1978,8,8,712,7.9,0,0,0,0,0,0,4,0,0.00,0.00,0.00,0.00,0.00,Matches
225,Árni Gautur Arason,is ISL,GK,no Rosenborg,25,1975,3,3,270,3.0,0,0,0,0,0,0,0,0,0.00,0.00,0.00,0.00,0.00,Matches
Rk,Player,Nation,Pos,Squad,Age,Born,MP,Starts,Min,90s,Gls,Ast,G+A,G-PK,PK,PKatt,CrdY,CrdR,Gls,Ast,G+A,G-PK,G+A-PK,Matches
226,Grigoris Georgatos,gr GRE,"DF,MF",gr Olympiacos,27,1972,4,3,320,3.6,0,1,1,0,0,0,1,0,0.00,0.28,0.28,0.00,0.28,Matches
227,Christer George,no NOR,MF,no Rosenborg,20,1979,2,2,171,1.9,2,0,2,2,0,0,1,0,01.05,0.00,01.05,01.05,01.05,Matches
228,Gerardo,es ESP,"DF,MF",es Valencia,25,1974,1,1,90,1.0,0,0,0,0,0,0,0,0,0.00,0.00,0.00,0.00,0.00,Matches
229,Aleksei Gerasimenko,ru RUS,"FW,MF",ua Dynamo Kyiv,29,1970,2,1,96,1.1,0,0,0,0,0,0,0,0,0.00,0.00,0.00,0.00,0.00,Matches
230,Geremi,cm CMR,"DF,MF",es Real Madrid,21,1978,8,8,720,8.0,0,0,0,0,0,0,1,0,0.00,0.00,0.00,0.00,0.00,Matches
231,Sander van Gessel,nl NED,DF,nl Heerenveen,23,1976,4,3,267,3.0,0,0,0,0,0,0,0,0,0.00,0.00,0.00,0.00,0.00,Matches
232,Stelios Giannakopoulos,gr GRE,"FW,MF",gr Olympiacos,26,1974,5,0,79,0.9,0,0,0,0,0,0,0,0,0.00,0.00,0.00,0.00,0.00,Matches
233,Ryan Giggs,wls WAL,"FW,MF",eng Manchester Utd,26,1973,11,9,680,7.6,2,3,5,2,0,0,0,0,0.26,0.40,0.66,0.26,0.66,Matches
234,Giovanni,br BRA,"FW,MF",gr Olympiacos,28,1972,6,6,503,5.6,3,0,3,3,0,0,2,0,0.54,0.00,0.54,0.54,0.54,Matches
235,Ludovic Giuly,fr FRA,"FW,MF",fr Monaco,24,1976,6,6,445,4.9,0,2,2,0,0,0,2,0,0.00,0.40,0.40,0.00,0.40,Matches
236,Federico Giunti,it ITA,MF,it Milan,28,1971,7,6,557,6.2,0,2,2,0,0,0,3,0,0.00,0.32,0.32,0.00,0.32,Matches
237,Dainius Gleveckas,lt LTU,DF,ua Shakhtar Donetsk,23,1977,6,6,540,6.0,1,0,1,1,0,0,2,0,0.17,0.00,0.17,0.17,0.17,Matches
238,Edmilson Gonçalves Pimenta,br BRA,"FW,MF",pt Sporting CP,28,1971,2,0,56,0.6,0,0,0,0,0,0,0,0,0.00,0.00,0.00,0.00,0.00,Matches
239,Kily González,ar ARG,"FW,MF",es Valencia,25,1974,13,13,"1,063",11.8,2,0,2,2,0,0,3,0,0.17,0.00,0.17,0.17,0.17,Matches
240,Bart Goor,be BEL,MF,be Anderlecht,27,1973,12,12,"1,037",11.5,1,2,3,1,0,0,1,0,0.09,0.17,0.26,0.09,0.26,Matches
241,Guerino Gottardi,ch SUI,"DF,MF",it Lazio,29,1970,3,1,129,1.4,1,0,1,1,0,0,0,0,0.70,0.00,0.70,0.70,0.70,Matches
242,Giannis Goumas,gr GRE,DF,gr Panathinaikos,25,1975,11,11,976,10.8,2,0,2,2,0,0,2,0,0.18,0.00,0.18,0.18,0.18,Matches
243,Sidney Govou,fr FRA,"FW,MF",fr Lyon,21,1979,8,2,236,2.6,2,0,2,2,0,0,1,0,0.76,0.00,0.76,0.76,0.76,Matches
244,Xavier Gravelaine,fr FRA,"FW,MF",fr Monaco,31,1968,3,1,177,2.0,0,1,1,0,0,0,1,0,0.00,0.51,0.51,0.00,0.51,Matches
245,Jonathan Greening,eng ENG,MF,eng Manchester Utd,21,1979,2,1,86,1.0,0,0,0,0,0,0,0,0,0.00,0.00,0.00,0.00,0.00,Matches
246,Vratislav Greško,sk SVK,DF,de Leverkusen,23,1977,2,1,79,0.9,0,0,0,0,0,0,0,0,0.00,0.00,0.00,0.00,0.00,Matches
247,Gilles Grimandi,fr FRA,DF,eng Arsenal,29,1970,8,8,698,7.8,0,0,0,0,0,0,1,0,0.00,0.00,0.00,0.00,0.00,Matches
248,Martin Groth,de GER,MF,de Hamburger SV,30,1969,2,1,87,1.0,0,0,0,0,0,0,0,0,0.00,0.00,0.00,0.00,0.00,Matches
249,Zdeněk Grygera,cz CZE,DF,cz Sparta Prague,20,1980,5,5,446,5.0,0,0,0,0,0,0,0,1,0.00,0.00,0.00,0.00,0.00,Matches
250,Andrés Guglielminpietro,ar ARG,MF,it Milan,26,1974,4,1,89,1.0,0,0,0,0,0,0,0,0,0.00,0.00,0.00,0.00,0.00,Matches
Rk,Player,Nation,Pos,Squad,Age,Born,MP,Starts,Min,90s,Gls,Ast,G+A,G-PK,PK,PKatt,CrdY,CrdR,Gls,Ast,G+A,G-PK,G+A-PK,Matches
251,Ole Gunnar Solskjær,no NOR,FW,eng Manchester Utd,27,1973,11,4,390,4.3,0,2,2,0,0,0,0,0,0.00,0.46,0.46,0.00,0.46,Matches
252,Erman Güraçar,tr TUR,DF,tr Beşiktaş,25,1974,5,4,375,4.2,0,0,0,0,0,0,2,0,0.00,0.00,0.00,0.00,0.00,Matches
253,Guti,es ESP,"FW,MF",es Real Madrid,23,1976,12,10,801,8.9,4,2,6,4,0,0,2,0,0.45,0.22,0.67,0.45,0.67,Matches
254,Mario Haas,at AUT,FW,at Sturm Graz,25,1974,4,3,284,3.2,2,1,3,2,0,0,1,0,0.63,0.32,0.95,0.63,0.95,Matches
255,Tony Hackworth,eng ENG,"DF,FW",eng Leeds United,20,1980,2,0,45,0.5,0,0,0,0,0,0,0,0,0.00,0.00,0.00,0.00,0.00,Matches
256,Gheorghe Hagi,ro ROU,MF,tr Galatasaray,35,1965,10,10,775,8.6,2,2,4,2,0,0,3,1,0.23,0.23,0.46,0.23,0.46,Matches
257,Sead Halilagić,ba BIH,DF,tr Beşiktaş,28,1972,1,1,69,0.8,0,0,0,0,0,0,0,0,0.00,0.00,0.00,0.00,0.00,Matches
258,Johan Hansma,nl NED,DF,nl Heerenveen,31,1969,5,5,450,5.0,0,0,0,0,0,0,1,0,0.00,0.00,0.00,0.00,0.00,Matches
259,Michael Hansson,se SWE,MF,se Helsingborg,28,1972,5,3,274,3.0,0,0,0,0,0,0,1,0,0.00,0.00,0.00,0.00,0.00,Matches
260,Owen Hargreaves,eng ENG,MF,de Bayern Munich,19,1981,4,2,219,2.4,0,0,0,0,0,0,0,0,0.00,0.00,0.00,0.00,0.00,Matches
261,Ian Harte,ie IRL,DF,eng Leeds United,22,1977,15,15,"1,35",15.0,3,5,8,2,1,1,1,0,0.20,0.33,0.53,0.13,0.47,Matches
262,Martin Hašek,cz CZE,MF,cz Sparta Prague,30,1969,3,3,264,2.9,0,0,0,0,0,0,1,0,0.00,0.00,0.00,0.00,0.00,Matches
263,Besnik Hasi,al ALB,"DF,MF",be Anderlecht,28,1971,5,4,340,3.8,0,0,0,0,0,0,0,0,0.00,0.00,0.00,0.00,0.00,Matches
264,Tayfur Havutçu,tr TUR,MF,tr Beşiktaş,30,1970,6,6,540,6.0,1,0,1,0,1,1,1,0,0.17,0.00,0.17,0.00,0.00,Matches
265,Danny Hay,nz NZL,DF,eng Leeds United,25,1975,1,0,1,0.0,0,0,0,0,0,0,0,0,0.00,0.00,0.00,0.00,0.00,Matches
266,Jan Heintze,dk DEN,DF,nl PSV,36,1963,6,6,540,6.0,0,0,0,0,0,0,1,0,0.00,0.00,0.00,0.00,0.00,Matches
267,Marek Heinz,cz CZE,"FW,MF",de Hamburger SV,22,1977,3,2,170,1.9,0,0,0,0,0,0,0,0,0.00,0.00,0.00,0.00,0.00,Matches
268,Frankie Hejduk,us USA,"DF,MF",de Leverkusen,25,1974,1,1,71,0.8,0,0,0,0,0,0,0,0,0.00,0.00,0.00,0.00,0.00,Matches
269,Hélder,pt POR,DF,es Dep La Coruña,29,1971,3,1,160,1.8,0,0,0,0,0,0,1,0,0.00,0.00,0.00,0.00,0.00,Matches
270,Iván Helguera,es ESP,"DF,MF",es Real Madrid,25,1975,11,11,962,10.7,6,1,7,6,0,0,4,0,0.56,0.09,0.65,0.56,0.65,Matches
271,Thomas Helveg,dk DEN,DF,it Milan,29,1971,9,7,642,7.1,1,0,1,1,0,0,3,0,0.14,0.00,0.14,0.14,0.14,Matches
272,René Henriksen,dk DEN,DF,gr Panathinaikos,30,1969,11,11,990,11.0,0,0,0,0,0,0,0,0,0.00,0.00,0.00,0.00,0.00,Matches
273,Thierry Henry,fr FRA,FW,eng Arsenal,22,1977,14,14,"1,18",13.1,4,2,6,4,0,1,2,0,0.31,0.15,0.46,0.31,0.46,Matches
274,Ingo Hertzsch,de GER,DF,de Hamburger SV,23,1977,5,4,434,4.8,0,0,0,0,0,0,0,0,0.00,0.00,0.00,0.00,0.00,Matches
275,Fernando Hierro,es ESP,"DF,MF",es Real Madrid,32,1968,12,12,929,10.3,0,0,0,0,0,0,3,0,0.00,0.00,0.00,0.00,0.00,Matches
Rk,Player,Nation,Pos,Squad,Age,Born,MP,Starts,Min,90s,Gls,Ast,G+A,G-PK,PK,PKatt,CrdY,CrdR,Gls,Ast,G+A,G-PK,G+A-PK,Matches
276,Peter Hlinka,sk SVK,MF,at Sturm Graz,21,1978,2,0,46,0.5,0,0,0,0,0,0,0,0,0.00,0.00,0.00,0.00,0.00,Matches
277,Torben Hoffmann,de GER,DF,de Leverkusen,25,1974,2,2,180,2.0,0,0,0,0,0,0,0,0,0.00,0.00,0.00,0.00,0.00,Matches
278,Kevin Hofland,nl NED,DF,nl PSV,21,1979,4,4,349,3.9,0,0,0,0,0,0,3,1,0.00,0.00,0.00,0.00,0.00,Matches
279,Erik Hoftun,no NOR,DF,no Rosenborg,31,1969,5,5,431,4.8,0,0,0,0,0,0,0,1,0.00,0.00,0.00,0.00,0.00,Matches
280,Bernd Hollerbach,de GER,"DF,MF",de Hamburger SV,30,1969,5,5,385,4.3,0,0,0,0,0,0,1,0,0.00,0.00,0.00,0.00,0.00,Matches
281,Thomas Holm,no NOR,"DF,MF",nl Heerenveen,19,1981,1,0,28,0.3,0,0,0,0,0,0,0,0,0.00,0.00,0.00,0.00,0.00,Matches
282,Oleksandr Holovko,ua UKR,DF,ua Dynamo Kyiv,28,1972,6,6,525,5.8,0,0,0,0,0,0,0,0,0.00,0.00,0.00,0.00,0.00,Matches
283,Nico-Jan Hoogma,nl NED,DF,de Hamburger SV,31,1968,6,6,540,6.0,0,0,0,0,0,0,1,0,0.00,0.00,0.00,0.00,0.00,Matches
284,Michal Horňák,cz CZE,DF,cz Sparta Prague,30,1970,4,4,360,4.0,1,0,1,1,0,0,0,0,0.25,0.00,0.25,0.25,0.25,Matches
285,Pavel Horváth,cz CZE,MF,pt Sporting CP,25,1975,4,3,296,3.3,0,0,0,0,0,0,0,0,0.00,0.00,0.00,0.00,0.00,Matches
286,Max Houttuin,nl NED,MF,nl Heerenveen,22,1978,2,2,137,1.5,0,0,0,0,0,0,0,0,0.00,0.00,0.00,0.00,0.00,Matches
287,Darren Huckerby,eng ENG,"FW,MF",eng Leeds United,24,1976,2,0,69,0.8,1,1,2,1,0,0,0,0,1.30,1.30,2.61,1.30,2.61,Matches
288,Harris Huizingh,nl NED,FW,nl Heerenveen,37,1963,6,5,459,5.1,0,0,0,0,0,0,0,0,0.00,0.00,0.00,0.00,0.00,Matches
289,Andriy Husin,ua UKR,MF,ua Dynamo Kyiv,27,1972,5,5,437,4.9,1,0,1,1,0,0,0,0,0.21,0.00,0.21,0.21,0.21,Matches
290,Robert Ibertsberger,at AUT,DF,at Sturm Graz,23,1977,4,2,199,2.2,0,0,0,0,0,0,0,0,0.00,0.00,0.00,0.00,0.00,Matches
291,Adrian Ilie,ro ROU,"FW,MF",es Valencia,26,1974,1,0,16,0.2,0,0,0,0,0,0,0,0,0.00,0.00,0.00,0.00,0.00,Matches
292,Kerem İnan,tr TUR,GK,tr Galatasaray,20,1980,3,3,270,3.0,0,0,0,0,0,0,0,0,0.00,0.00,0.00,0.00,0.00,Matches
293,Vedat İnceefe,tr TUR,DF,tr Galatasaray,26,1974,3,3,165,1.8,0,0,0,0,0,0,2,1,0.00,0.00,0.00,0.00,0.00,Matches
294,Bent Inge Johnsen,no NOR,"DF,FW",no Rosenborg,28,1972,6,6,540,6.0,0,1,1,0,0,0,1,0,0.00,0.17,0.17,0.00,0.17,Matches
295,Filippo Inzaghi,it ITA,FW,it Juventus,26,1973,6,5,430,4.8,5,0,5,4,1,1,0,0,01.05,0.00,01.05,0.84,0.84,Matches
296,Simone Inzaghi,it ITA,FW,it Lazio,24,1976,9,7,535,5.9,3,1,4,3,0,0,0,0,0.50,0.17,0.67,0.50,0.67,Matches
297,Jafar Irismetov,uz UZB,FW,ru Spartak Moscow,23,1976,4,3,256,2.8,0,0,0,0,0,0,0,1,0.00,0.00,0.00,0.00,0.00,Matches
298,Bruno Irles,fr FRA,DF,fr Monaco,24,1975,6,6,499,5.5,0,0,0,0,0,0,0,0,0.00,0.00,0.00,0.00,0.00,Matches
299,Denis Irwin,ie IRL,DF,eng Manchester Utd,34,1965,7,7,582,6.5,2,0,2,0,2,2,1,0,0.31,0.00,0.31,0.00,0.00,Matches
300,Mark Iuliano,it ITA,DF,it Juventus,26,1973,5,5,418,4.6,0,1,1,0,0,0,3,0,0.00,0.22,0.22,0.00,0.22,Matches
Rk,Player,Nation,Pos,Squad,Age,Born,MP,Starts,Min,90s,Gls,Ast,G+A,G-PK,PK,PKatt,CrdY,CrdR,Gls,Ast,G+A,G-PK,G+A-PK,Matches
301,Tomasz Iwan,pl POL,MF,nl PSV,29,1971,1,0,6,0.1,0,0,0,0,0,0,0,0,0.00,0.00,0.00,0.00,0.00,Matches
302,Jørn Jamtfall,no NOR,GK,no Rosenborg,34,1966,3,3,270,3.0,0,0,0,0,0,0,0,0,0.00,0.00,0.00,0.00,0.00,Matches
303,Carsten Jancker,de GER,FW,de Bayern Munich,25,1974,15,8,845,9.4,2,2,4,2,0,0,1,0,0.21,0.21,0.43,0.21,0.43,Matches
304,Jesper Jansson,se SWE,"DF,MF",se Helsingborg,29,1971,6,5,464,5.2,1,0,1,1,0,0,1,0,0.19,0.00,0.19,0.19,0.19,Matches
305,Ulrik Jansson,se SWE,MF,se Helsingborg,32,1968,6,6,409,4.5,0,0,0,0,0,0,2,0,0.00,0.00,0.00,0.00,0.00,Matches
306,Mário Jardel,br BRA,FW,tr Galatasaray,26,1973,14,14,"1,24",13.8,6,0,6,6,0,0,1,0,0.44,0.00,0.44,0.44,0.44,Matches
307,Jiří Jarošík,cz CZE,"DF,MF",cz Sparta Prague,22,1977,5,5,450,5.0,2,0,2,2,0,0,0,0,0.40,0.00,0.40,0.40,0.40,Matches
308,Daniel Jensen,dk DEN,MF,nl Heerenveen,21,1979,6,6,451,5.0,1,1,2,1,0,0,0,0,0.20,0.20,0.40,0.20,0.40,Matches
309,Jens Jeremies,de GER,MF,de Bayern Munich,26,1974,12,10,962,10.7,3,0,3,3,0,0,4,0,0.28,0.00,0.28,0.28,0.28,Matches
310,Bjørn Johansen,no NOR,MF,se Helsingborg,30,1969,5,5,441,4.9,2,0,2,2,0,0,0,0,0.41,0.00,0.41,0.41,0.41,Matches
311,Stig Johansen,no NOR,FW,se Helsingborg,28,1972,6,5,456,5.1,0,1,1,0,0,0,2,0,0.00,0.20,0.20,0.00,0.20,Matches
312,Frode Johnsen,no NOR,"FW,MF",no Rosenborg,26,1974,6,6,509,5.7,5,0,5,5,0,0,1,0,0.88,0.00,0.88,0.88,0.88,Matches
313,Ronny Johnsen,no NOR,DF,eng Manchester Utd,31,1969,4,4,360,4.0,0,0,0,0,0,0,0,0,0.00,0.00,0.00,0.00,0.00,Matches
314,Allan Johnston,sct SCO,MF,sct Rangers,26,1973,3,2,224,2.5,0,1,1,0,0,0,1,0,0.00,0.40,0.40,0.00,0.40,Matches
315,John de Jong,nl NED,MF,nl PSV,23,1977,5,1,164,1.8,0,0,0,0,0,0,0,0,0.00,0.00,0.00,0.00,0.00,Matches
316,Rui Jorge,pt POR,DF,pt Sporting CP,27,1973,4,3,270,3.0,0,0,0,0,0,0,1,0,0.00,0.00,0.00,0.00,0.00,Matches
317,Tomáš Jun,cz CZE,FW,cz Sparta Prague,17,1983,1,1,45,0.5,0,0,0,0,0,0,0,0,0.00,0.00,0.00,0.00,0.00,Matches
318,Roque Júnior,br BRA,DF,it Milan,23,1976,7,7,581,6.5,0,1,1,0,0,0,1,0,0.00,0.15,0.15,0.00,0.15,Matches
319,Franck Jurietti,fr FRA,DF,fr Monaco,25,1975,3,3,239,2.7,0,0,0,0,0,0,2,1,0.00,0.00,0.00,0.00,0.00,Matches
320,Oliver Kahn,de GER,GK,de Bayern Munich,31,1969,16,16,"1,446",16.1,0,0,0,0,0,0,1,0,0.00,0.00,0.00,0.00,0.00,Matches
321,Nihat Kahveci,tr TUR,FW,tr Beşiktaş,20,1979,5,5,450,5.0,0,1,1,0,0,0,1,0,0.00,0.20,0.20,0.00,0.20,Matches
322,Kakha Kaladze,ge GEO,"DF,MF",ua Dynamo Kyiv,22,1978,6,6,478,5.3,1,0,1,1,0,0,1,0,0.19,0.00,0.19,0.19,0.19,Matches
323,Maksym Kalynychenko,ua UKR,MF,ru Spartak Moscow,21,1979,9,5,573,6.4,0,0,0,0,0,0,0,0,0.00,0.00,0.00,0.00,0.00,Matches
324,Andrei Kanchelskis,ru RUS,"DF,MF",sct Rangers,31,1969,4,2,226,2.5,1,0,1,1,0,0,1,0,0.40,0.00,0.40,0.40,0.40,Matches
325,Nwankwo Kanu,ng NGA,FW,eng Arsenal,23,1976,14,11,969,10.8,2,2,4,2,0,0,0,0,0.19,0.19,0.37,0.19,0.37,Matches
Rk,Player,Nation,Pos,Squad,Age,Born,MP,Starts,Min,90s,Gls,Ast,G+A,G-PK,PK,PKatt,CrdY,CrdR,Gls,Ast,G+A,G-PK,G+A-PK,Matches
326,Giorgos Karagounis,gr GRE,MF,gr Panathinaikos,23,1977,12,12,982,10.9,1,0,1,1,0,0,2,0,0.09,0.00,0.09,0.09,0.09,Matches
327,Aitor Karanka,es ESP,DF,es Real Madrid,26,1973,11,10,876,9.7,0,0,0,0,0,0,1,0,0.00,0.00,0.00,0.00,0.00,Matches
328,Miroslav Karhan,sk SVK,MF,tr Beşiktaş,24,1976,5,5,450,5.0,0,0,0,0,0,0,0,0,0.00,0.00,0.00,0.00,0.00,Matches
329,Talal El Karkouri,ma MAR,"DF,MF",fr Paris Saint-Germain,24,1976,4,3,276,3.1,1,0,1,1,0,0,1,0,0.33,0.00,0.33,0.33,0.33,Matches
330,Suat Kaya,tr TUR,MF,tr Galatasaray,32,1967,10,10,661,7.3,1,0,1,1,0,0,3,1,0.14,0.00,0.14,0.14,0.14,Matches
331,Roy Keane,ie IRL,MF,eng Manchester Utd,28,1971,13,13,"1,17",13.0,1,0,1,1,0,0,1,0,0.08,0.00,0.08,0.08,0.08,Matches
332,Gary Kelly,ie IRL,DF,eng Leeds United,26,1974,10,9,836,9.3,0,1,1,0,0,0,0,0,0.00,0.11,0.11,0.00,0.11,Matches
333,Martin Keown,eng ENG,"DF,MF",eng Arsenal,34,1966,9,9,810,9.0,2,0,2,2,0,0,5,0,0.22,0.00,0.22,0.22,0.22,Matches
334,Tugay Kerimoğlu,tr TUR,MF,sct Rangers,29,1970,5,4,395,4.4,0,0,0,0,0,0,2,0,0.00,0.00,0.00,0.00,0.00,Matches
335,Marcel Ketelaer,de GER,"FW,MF",de Hamburger SV,22,1977,6,3,253,2.8,0,0,0,0,0,0,1,1,0.00,0.00,0.00,0.00,0.00,Matches
336,Harry Kewell,au AUS,"FW,MF",eng Leeds United,21,1978,9,6,580,6.4,0,1,1,0,0,0,1,0,0.00,0.16,0.16,0.00,0.16,Matches
337,Mateja Kežman,rs SRB,FW,nl PSV,21,1979,6,6,491,5.5,1,0,1,1,0,0,1,0,0.18,0.00,0.18,0.18,0.18,Matches
338,Alyaksandr Khatskevich,by BLR,MF,ua Dynamo Kyiv,26,1973,5,5,433,4.8,0,1,1,0,0,0,0,0,0.00,0.21,0.21,0.00,0.21,Matches
339,Dmitri Khlestov,ru RUS,"DF,MF",tr Beşiktaş,29,1971,5,3,336,3.7,0,0,0,0,0,0,0,0,0.00,0.00,0.00,0.00,0.00,Matches
340,Jochen Kientz,de GER,DF,de Hamburger SV,27,1972,3,2,159,1.8,0,0,0,0,0,0,0,0,0.00,0.00,0.00,0.00,0.00,Matches
341,Marek Kincl,cz CZE,FW,cz Sparta Prague,27,1973,5,3,242,2.7,0,1,1,0,0,0,0,0,0.00,0.37,0.37,0.00,0.37,Matches
342,Ulf Kirsten,de GER,FW,de Leverkusen,34,1965,2,2,180,2.0,1,1,2,1,0,0,1,0,0.50,0.50,1.00,0.50,1.00,Matches
343,Tieme Klompe,nl NED,DF,nl Heerenveen,24,1976,2,2,180,2.0,0,0,0,0,0,0,1,0,0.00,0.00,0.00,0.00,0.00,Matches
344,Stefan Klos,de GER,GK,sct Rangers,28,1971,4,4,360,4.0,0,0,0,0,0,0,1,0,0.00,0.00,0.00,0.00,0.00,Matches
345,Patrick Kluivert,nl NED,FW,es Barcelona,24,1976,4,3,280,3.1,2,0,2,2,0,0,1,0,0.64,0.00,0.64,0.64,0.64,Matches
346,Morten Knutsen,no NOR,MF,no Rosenborg,22,1977,4,1,129,1.4,0,0,0,0,0,0,0,0,0.00,0.00,0.00,0.00,0.00,Matches
347,Tomica Kocijan,at AUT,FW,at Sturm Graz,32,1967,9,9,734,8.2,1,1,2,1,0,0,0,0,0.12,0.12,0.25,0.12,0.25,Matches
348,Santi Kolk,nl NED,"FW,MF",nl Heerenveen,18,1981,1,0,23,0.3,0,0,0,0,0,0,0,0,0.00,0.00,0.00,0.00,0.00,Matches
349,Joonas Kolkka,fi FIN,MF,nl PSV,25,1974,5,1,137,1.5,0,0,0,0,0,0,0,0,0.00,0.00,0.00,0.00,0.00,Matches
350,Jan Koller,cz CZE,FW,be Anderlecht,27,1973,12,11,965,10.7,3,4,7,3,0,0,1,0,0.28,0.37,0.65,0.28,0.65,Matches
Rk,Player,Nation,Pos,Squad,Age,Born,MP,Starts,Min,90s,Gls,Ast,G+A,G-PK,PK,PKatt,CrdY,CrdR,Gls,Ast,G+A,G-PK,G+A-PK,Matches
351,Václav Koloušek,cz CZE,MF,cz Sparta Prague,24,1976,3,0,28,0.3,0,0,0,0,0,0,0,0,0.00,0.00,0.00,0.00,0.00,Matches
352,Bert Konterman,nl NED,"DF,MF",sct Rangers,29,1971,5,5,450,5.0,0,0,0,0,0,0,1,0,0.00,0.00,0.00,0.00,0.00,Matches
353,Christos Kontis,gr GRE,DF,gr Olympiacos,25,1975,4,4,360,4.0,0,0,0,0,0,0,0,0,0.00,0.00,0.00,0.00,0.00,Matches
354,Bülent Korkmaz,tr TUR,DF,tr Galatasaray,31,1968,12,12,"1,065",11.8,1,0,1,1,0,0,3,0,0.08,0.00,0.08,0.08,0.08,Matches
355,György Korsós,hu HUN,DF,at Sturm Graz,23,1976,12,10,917,10.2,0,1,1,0,0,0,1,0,0.00,0.10,0.10,0.00,0.10,Matches
356,Vaggelis Koutsoures,gr GRE,MF,gr Panathinaikos,25,1975,5,3,235,2.6,0,0,0,0,0,0,1,0,0.00,0.00,0.00,0.00,0.00,Matches
357,Niko Kovač,hr CRO,MF,de Hamburger SV,28,1971,6,6,392,4.4,1,1,2,1,0,0,1,0,0.23,0.23,0.46,0.23,0.46,Matches
358,Robert Kovač,hr CRO,DF,de Leverkusen,26,1974,5,5,450,5.0,0,0,0,0,0,0,0,0,0.00,0.00,0.00,0.00,0.00,Matches
359,Darko Kovačević,rs SRB,FW,it Juventus,26,1973,4,2,196,2.2,1,1,2,1,0,0,3,1,0.46,0.46,0.92,0.46,0.92,Matches
360,Serhiy Kovalyov,ua UKR,MF,ua Shakhtar Donetsk,28,1971,4,2,175,1.9,0,0,0,0,0,0,0,0,0.00,0.00,0.00,0.00,0.00,Matches
361,Yuri Kovtun,ru RUS,DF,ru Spartak Moscow,30,1970,11,11,990,11.0,0,0,0,0,0,0,3,0,0.00,0.00,0.00,0.00,0.00,Matches
362,Valeriy Kriventsov,ua UKR,"DF,MF",ua Shakhtar Donetsk,27,1973,2,0,66,0.7,0,0,0,0,0,0,0,0,0.00,0.00,0.00,0.00,0.00,Matches
363,Samuel Kuffour,gh GHA,DF,de Bayern Munich,23,1976,13,13,"1,102",12.2,0,1,1,0,0,0,0,1,0.00,0.08,0.08,0.00,0.08,Matches
364,Vladimir Kuzmichyov,ru RUS,"FW,MF",ua Dynamo Kyiv,21,1979,6,0,171,1.9,0,1,1,0,0,0,1,0,0.00,0.53,0.53,0.00,0.53,Matches
365,Iván de la Peña,es ESP,MF,es Barcelona,24,1976,3,2,161,1.8,0,1,1,0,0,0,1,0,0.00,0.56,0.56,0.00,0.56,Matches
366,Vladimír Labant,sk SVK,DF,cz Sparta Prague,26,1974,5,4,405,4.5,1,2,3,0,1,1,1,0,0.22,0.44,0.67,0.00,0.44,Matches
367,Pierre Laigle,fr FRA,"DF,MF",fr Lyon,29,1970,10,10,780,8.7,2,0,2,2,0,0,1,0,0.23,0.00,0.23,0.23,0.23,Matches
368,Lauren,cm CMR,DF,eng Arsenal,23,1977,11,6,610,6.8,1,0,1,1,0,0,2,0,0.15,0.00,0.15,0.15,0.15,Matches
369,Florent Laville,fr FRA,DF,fr Lyon,26,1973,6,6,489,5.4,0,0,0,0,0,0,2,0,0.00,0.00,0.00,0.00,0.00,Matches
370,Philippe Léonard,be BEL,DF,fr Monaco,26,1974,2,2,35,0.4,0,0,0,0,0,0,0,0,0.00,0.00,0.00,0.00,0.00,Matches
371,Laurent Leroy,fr FRA,FW,fr Paris Saint-Germain,24,1976,11,7,560,6.2,4,2,6,4,0,0,2,0,0.64,0.32,0.96,0.64,0.96,Matches
372,Lionel Letizi,fr FRA,GK,fr Paris Saint-Germain,27,1973,12,12,"1,08",12.0,0,0,0,0,0,0,1,0,0.00,0.00,0.00,0.00,0.00,Matches
373,Nikos Liberopoulos,gr GRE,"FW,MF",gr Panathinaikos,24,1975,12,12,"1,036",11.5,0,2,2,0,0,0,0,0,0.00,0.17,0.17,0.00,0.17,Matches
374,David Linarès,fr FRA,MF,fr Lyon,24,1975,10,6,658,7.3,0,0,0,0,0,0,1,0,0.00,0.00,0.00,0.00,0.00,Matches
375,Marcus Lindberg,se SWE,DF,se Helsingborg,19,1980,1,1,58,0.6,0,0,0,0,0,0,0,0,0.00,0.00,0.00,0.00,0.00,Matches
Rk,Player,Nation,Pos,Squad,Age,Born,MP,Starts,Min,90s,Gls,Ast,G+A,G-PK,PK,PKatt,CrdY,CrdR,Gls,Ast,G+A,G-PK,G+A-PK,Matches
376,Mattias Lindström,se SWE,MF,se Helsingborg,20,1980,1,0,15,0.2,0,0,0,0,0,0,0,0,0.00,0.00,0.00,0.00,0.00,Matches
377,Thomas Linke,de GER,DF,de Bayern Munich,30,1969,15,15,"1,318",14.6,1,1,2,1,0,0,2,0,0.07,0.07,0.14,0.07,0.14,Matches
378,Bixente Lizarazu,fr FRA,DF,de Bayern Munich,30,1969,10,9,809,9.0,0,1,1,0,0,0,5,0,0.00,0.11,0.11,0.00,0.11,Matches
379,Freddie Ljungberg,se SWE,"FW,MF",eng Arsenal,23,1977,13,10,868,9.6,2,0,2,2,0,0,2,0,0.21,0.00,0.21,0.21,0.21,Matches
380,Patrice Loko,fr FRA,FW,fr Lyon,30,1970,3,0,28,0.3,0,0,0,0,0,0,0,0,0.00,0.00,0.00,0.00,0.00,Matches
381,Claudio López,ar ARG,FW,it Lazio,26,1974,6,5,464,5.2,5,1,6,5,0,0,1,0,0.97,0.19,1.16,0.97,1.16,Matches
382,Gerard López,es ESP,MF,es Barcelona,21,1979,5,3,295,3.3,0,1,1,0,0,0,0,0,0.00,0.31,0.31,0.00,0.31,Matches
383,German Lovchev,ru RUS,FW,ru Spartak Moscow,19,1981,1,0,16,0.2,0,0,0,0,0,0,0,0,0.00,0.00,0.00,0.00,0.00,Matches
384,Peter Luccin,fr FRA,MF,fr Paris Saint-Germain,21,1979,10,7,738,8.2,1,0,1,1,0,0,2,0,0.12,0.00,0.12,0.12,0.12,Matches
385,Andrea Luciani,it ITA,MF,it Lazio,18,1981,2,0,14,0.2,0,0,0,0,0,0,0,0,0.00,0.00,0.00,0.00,0.00,Matches
386,Theo Lucius,nl NED,"DF,MF",nl PSV,23,1976,5,3,230,2.6,1,0,1,1,0,0,1,0,0.39,0.00,0.39,0.39,0.39,Matches
387,John Lukic,eng ENG,GK,eng Arsenal,39,1960,1,1,90,1.0,0,0,0,0,0,0,0,0,0.00,0.00,0.00,0.00,0.00,Matches
388,Anthony Lurling,nl NED,"FW,MF",nl Heerenveen,23,1977,6,6,532,5.9,0,0,0,0,0,0,2,0,0.00,0.00,0.00,0.00,0.00,Matches
389,Oleh Luzhny,ua UKR,DF,eng Arsenal,31,1968,8,8,711,7.9,0,0,0,0,0,0,0,0,0.00,0.00,0.00,0.00,0.00,Matches
390,Vitaliy Lysytskyi,ua UKR,"DF,MF",ua Dynamo Kyiv,18,1982,1,1,90,1.0,0,0,0,0,0,0,0,0,0.00,0.00,0.00,0.00,0.00,Matches
391,Peter Løvenkrands,dk DEN,"FW,MF",sct Rangers,20,1980,1,1,55,0.6,0,0,0,0,0,0,0,0,0.00,0.00,0.00,0.00,0.00,Matches
392,Mickaël Madar,fr FRA,FW,fr Paris Saint-Germain,32,1968,1,0,19,0.2,0,0,0,0,0,0,0,0,0.00,0.00,0.00,0.00,0.00,Matches
393,Mehdi Mahdavikia,ir IRN,"DF,MF",de Hamburger SV,23,1977,5,4,401,4.5,2,2,4,2,0,0,2,0,0.45,0.45,0.90,0.45,0.90,Matches
394,Roman Mählich,at AUT,MF,at Sturm Graz,28,1971,3,1,62,0.7,0,0,0,0,0,0,0,0,0.00,0.00,0.00,0.00,0.00,Matches
395,Alan Mahon,ie IRL,MF,pt Sporting CP,22,1978,1,1,45,0.5,0,0,0,0,0,0,0,0,0.00,0.00,0.00,0.00,0.00,Matches
396,Roy Makaay,nl NED,FW,es Dep La Coruña,25,1975,9,4,516,5.7,2,1,3,2,0,0,0,0,0.35,0.17,0.52,0.35,0.52,Matches
397,Claude Makélélé,fr FRA,MF,es Real Madrid,27,1973,11,11,914,10.2,1,1,2,1,0,0,2,0,0.10,0.10,0.20,0.10,0.20,Matches
398,Steed Malbranque,fr FRA,MF,fr Lyon,20,1980,9,2,301,3.3,1,1,2,1,0,0,0,0,0.30,0.30,0.60,0.30,0.60,Matches
399,Paolo Maldini,it ITA,DF,it Milan,32,1968,12,12,"1,08",12.0,0,0,0,0,0,0,2,0,0.00,0.00,0.00,0.00,0.00,Matches
400,Ramiz Mamedov,ru RUS,DF,at Sturm Graz,27,1972,8,7,616,6.8,0,1,1,0,0,0,0,0,0.00,0.15,0.15,0.00,0.15,Matches
Rk,Player,Nation,Pos,Squad,Age,Born,MP,Starts,Min,90s,Gls,Ast,G+A,G-PK,PK,PKatt,CrdY,CrdR,Gls,Ast,G+A,G-PK,G+A-PK,Matches
401,Alex Manninger,at AUT,GK,eng Arsenal,23,1977,2,2,180,2.0,0,0,0,0,0,0,0,0,0.00,0.00,0.00,0.00,0.00,Matches
402,Marcão,br BRA,FW,ru Spartak Moscow,27,1973,11,7,606,6.7,4,2,6,4,0,0,2,0,0.59,0.30,0.89,0.59,0.89,Matches
403,Luca Marchegiani,it ITA,GK,it Lazio,34,1966,5,5,450,5.0,0,0,0,0,0,0,0,0,0.00,0.00,0.00,0.00,0.00,Matches
404,José Mari,es ESP,FW,it Milan,21,1978,7,4,441,4.9,4,0,4,4,0,0,1,0,0.82,0.00,0.82,0.82,0.82,Matches
405,Steve Marlet,fr FRA,"FW,MF",fr Lyon,26,1974,11,11,969,10.8,4,2,6,4,0,0,3,0,0.37,0.19,0.56,0.37,0.56,Matches
406,Rafael Márquez,mx MEX,"DF,MF",fr Monaco,21,1979,4,4,311,3.5,0,0,0,0,0,0,1,0,0.00,0.00,0.00,0.00,0.00,Matches
407,Jan-Pieter Martens,be BEL,MF,at Sturm Graz,25,1974,2,0,42,0.5,0,0,0,0,0,0,0,0,0.00,0.00,0.00,0.00,0.00,Matches
408,César Martín,es ESP,DF,es Dep La Coruña,23,1977,2,2,180,2.0,0,0,0,0,0,0,0,0,0.00,0.00,0.00,0.00,0.00,Matches
409,Nigel Martyn,eng ENG,GK,eng Leeds United,33,1966,10,10,900,10.0,0,0,0,0,0,0,1,0,0.00,0.00,0.00,0.00,0.00,Matches
410,Jozo Matovac,se SWE,DF,se Helsingborg,30,1970,6,6,540,6.0,0,1,1,0,0,0,0,0,0.00,0.17,0.17,0.00,0.17,Matches
411,Dominic Matteo,sct SCO,"DF,MF",eng Leeds United,26,1974,15,15,"1,313",14.6,2,1,3,2,0,0,2,0,0.14,0.07,0.21,0.14,0.21,Matches
412,Adam Matysek,pl POL,GK,de Leverkusen,32,1968,1,1,90,1.0,0,0,0,0,0,0,0,0,0.00,0.00,0.00,0.00,0.00,Matches
413,Ronald Maul,de GER,MF,de Hamburger SV,27,1973,1,1,74,0.8,0,0,0,0,0,0,0,0,0.00,0.00,0.00,0.00,0.00,Matches
414,Dimitris Mavrogenidis,gr GRE,DF,gr Olympiacos,23,1976,3,1,118,1.3,0,0,0,0,0,0,1,0,0.00,0.00,0.00,0.00,0.00,Matches
415,Alan Maybury,ie IRL,DF,eng Leeds United,21,1978,1,1,89,1.0,0,0,0,0,0,0,0,0,0.00,0.00,0.00,0.00,0.00,Matches
416,Neil McCann,sct SCO,MF,sct Rangers,25,1974,5,1,128,1.4,0,0,0,0,0,0,0,0,0.00,0.00,0.00,0.00,0.00,Matches
417,Steve McManaman,eng ENG,MF,es Real Madrid,28,1972,8,7,588,6.5,0,1,1,0,0,0,0,0,0.00,0.15,0.15,0.00,0.15,Matches
418,Stephen McPhail,ie IRL,MF,eng Leeds United,20,1979,3,1,93,1.0,0,0,0,0,0,0,0,0,0.00,0.00,0.00,0.00,0.00,Matches
419,Gaizka Mendieta,es ESP,MF,es Valencia,26,1974,14,13,"1,231",13.7,2,7,9,1,1,1,5,0,0.15,0.51,0.66,0.07,0.58,Matches
420,Bernard Mendy,fr FRA,"DF,FW",fr Paris Saint-Germain,18,1981,7,7,609,6.8,0,0,0,0,0,0,3,0,0.00,0.00,0.00,0.00,0.00,Matches
421,Luis Miguel Ramis,es ESP,DF,es Dep La Coruña,30,1970,1,0,15,0.2,0,0,0,0,0,0,0,0,0.00,0.00,0.00,0.00,0.00,Matches
422,Siniša Mihajlović,rs SRB,DF,it Lazio,31,1969,8,7,583,6.5,2,0,2,1,1,1,1,0,0.31,0.00,0.31,0.15,0.15,Matches
423,Luis Milla,es ESP,MF,es Valencia,34,1966,4,2,194,2.2,0,0,0,0,0,0,1,0,0.00,0.00,0.00,0.00,0.00,Matches
424,Kenny Miller,sct SCO,FW,sct Rangers,20,1979,1,1,90,1.0,1,0,1,1,0,0,0,0,1.00,0.00,1.00,1.00,1.00,Matches
425,Danny Mills,eng ENG,DF,eng Leeds United,23,1977,14,14,"1,26",14.0,0,0,0,0,0,0,3,0,0.00,0.00,0.00,0.00,0.00,Matches
Rk,Player,Nation,Pos,Squad,Age,Born,MP,Starts,Min,90s,Gls,Ast,G+A,G-PK,PK,PKatt,CrdY,CrdR,Gls,Ast,G+A,G-PK,G+A-PK,Matches
426,Zvonko Milojević,rs SRB,GK,be Anderlecht,28,1971,4,4,360,4.0,0,0,0,0,0,0,0,0,0.00,0.00,0.00,0.00,0.00,Matches
427,Mehrdad Minavand,ir IRN,MF,at Sturm Graz,24,1975,10,9,783,8.7,0,1,1,0,0,0,1,0,0.00,0.11,0.11,0.00,0.11,Matches
428,Igor Mitreski,mk MKD,DF,ru Spartak Moscow,21,1979,4,3,360,4.0,0,0,0,0,0,0,1,0,0.00,0.00,0.00,0.00,0.00,Matches
429,Márcio Mixirica,br BRA,FW,tr Galatasaray,25,1975,5,0,57,0.6,0,0,0,0,0,0,1,0,0.00,0.00,0.00,0.00,0.00,Matches
430,José Molina,es ESP,GK,es Dep La Coruña,29,1970,13,13,"1,17",13.0,0,0,0,0,0,0,1,0,0.00,0.00,0.00,0.00,0.00,Matches
431,Michael Mols,nl NED,FW,sct Rangers,29,1970,4,3,236,2.6,2,0,2,2,0,0,0,0,0.76,0.00,0.76,0.76,0.76,Matches
432,Fernando Morientes,es ESP,FW,es Real Madrid,24,1976,8,5,504,5.6,4,0,4,4,0,0,0,0,0.71,0.00,0.71,0.71,0.71,Matches
433,Hennadiy Moroz,ua UKR,DF,ua Dynamo Kyiv,25,1975,1,0,9,0.1,0,0,0,0,0,0,0,0,0.00,0.00,0.00,0.00,0.00,Matches
434,Mbo Mpenza,be BEL,FW,pt Sporting CP,23,1976,4,2,222,2.5,0,0,0,0,0,0,0,0,0.00,0.00,0.00,0.00,0.00,Matches
435,Patrick Müller,ch SUI,DF,fr Lyon,23,1976,9,7,605,6.7,0,0,0,0,0,0,4,0,0.00,0.00,0.00,0.00,0.00,Matches
436,Markus Münch,de GER,"DF,MF",tr Beşiktaş,27,1972,6,6,540,6.0,0,0,0,0,0,0,0,0,0.00,0.00,0.00,0.00,0.00,Matches
437,Pedro Munitis,es ESP,FW,es Real Madrid,25,1975,12,6,566,6.3,0,1,1,0,0,0,1,0,0.00,0.16,0.16,0.00,0.16,Matches
438,Radek Mynář,cz CZE,DF,cz Sparta Prague,25,1974,2,2,142,1.6,0,0,0,0,0,0,1,0,0.00,0.00,0.00,0.00,0.00,Matches
439,Giorgios Nasiopoulos,gr GRE,FW,gr Panathinaikos,27,1973,6,3,230,2.6,1,0,1,1,0,0,0,0,0.39,0.00,0.39,0.39,0.39,Matches
440,Noureddine Naybet,ma MAR,DF,es Dep La Coruña,30,1970,13,13,"1,17",13.0,2,0,2,2,0,0,2,0,0.15,0.00,0.15,0.15,0.15,Matches
441,Pavel Nedvěd,cz CZE,MF,it Lazio,27,1972,10,10,889,9.9,3,4,7,3,0,0,2,0,0.30,0.40,0.71,0.30,0.71,Matches
442,Marco Negri,it ITA,FW,sct Rangers,29,1970,1,0,13,0.1,0,0,0,0,0,0,0,0,0.00,0.00,0.00,0.00,0.00,Matches
443,Paolo Negro,it ITA,DF,it Lazio,28,1972,5,5,450,5.0,0,0,0,0,0,0,1,0,0.00,0.00,0.00,0.00,0.00,Matches
444,Andriy Nesmachniy,ua UKR,DF,ua Dynamo Kyiv,21,1979,6,6,540,6.0,0,0,0,0,0,0,1,0,0.00,0.00,0.00,0.00,0.00,Matches
445,Alessandro Nesta,it ITA,DF,it Lazio,24,1976,8,8,720,8.0,0,0,0,0,0,0,3,0,0.00,0.00,0.00,0.00,0.00,Matches
446,Andreas Neuendorf,de GER,MF,de Leverkusen,25,1975,2,0,39,0.4,0,0,0,0,0,0,0,0,0.00,0.00,0.00,0.00,0.00,Matches
447,Günther Neukirchner,at AUT,DF,at Sturm Graz,28,1971,9,9,801,8.9,0,0,0,0,0,0,1,0,0.00,0.00,0.00,0.00,0.00,Matches
448,Oliver Neuville,de GER,FW,de Leverkusen,27,1973,6,5,449,5.0,1,1,2,1,0,0,0,0,0.20,0.20,0.40,0.20,0.40,Matches
449,Gary Neville,eng ENG,DF,eng Manchester Utd,25,1975,14,14,"1,26",14.0,0,0,0,0,0,0,2,0,0.00,0.00,0.00,0.00,0.00,Matches
450,Phil Neville,eng ENG,"DF,MF",eng Manchester Utd,23,1977,6,4,371,4.1,0,0,0,0,0,0,0,0,0.00,0.00,0.00,0.00,0.00,Matches
Rk,Player,Nation,Pos,Squad,Age,Born,MP,Starts,Min,90s,Gls,Ast,G+A,G-PK,PK,PKatt,CrdY,CrdR,Gls,Ast,G+A,G-PK,G+A-PK,Matches
451,Yuriy Nikiforov,ru RUS,"DF,MF",nl PSV,29,1970,6,6,540,6.0,0,1,1,0,0,0,1,0,0.00,0.17,0.17,0.00,0.17,Matches
452,Antonios Nikopolidis,gr GRE,GK,gr Panathinaikos,29,1971,9,8,745,8.3,0,0,0,0,0,0,0,0,0.00,0.00,0.00,0.00,0.00,Matches
453,Ola Nilsson,se SWE,DF,se Helsingborg,26,1973,6,6,540,6.0,0,0,0,0,0,0,1,0,0.00,0.00,0.00,0.00,0.00,Matches
454,Roland Nilsson,se SWE,"DF,FW",se Helsingborg,36,1963,5,5,450,5.0,0,0,0,0,0,0,1,0,0.00,0.00,0.00,0.00,0.00,Matches
455,Andreas Niniadis,gr GRE,"DF,MF",gr Olympiacos,29,1971,1,0,2,0.0,0,0,0,0,0,0,0,0,0.00,0.00,0.00,0.00,0.00,Matches
456,Shabani Nonda,cd COD,FW,fr Monaco,23,1977,5,5,371,4.1,3,1,4,3,0,0,0,0,0.73,0.24,0.97,0.73,0.97,Matches
457,Dennis de Nooijer,nl NED,FW,nl Heerenveen,31,1969,6,6,540,6.0,0,0,0,0,0,0,1,0,0.00,0.00,0.00,0.00,0.00,Matches
458,Pascal Nouma,fr FRA,"FW,MF",tr Beşiktaş,28,1972,3,3,248,2.8,1,1,2,1,0,0,2,0,0.36,0.36,0.73,0.36,0.73,Matches
459,Jiří Novotný,cz CZE,"DF,MF",cz Sparta Prague,30,1970,6,6,540,6.0,0,0,0,0,0,0,1,0,0.00,0.00,0.00,0.00,0.00,Matches
460,Pavel Novotný,cz CZE,MF,cz Sparta Prague,26,1973,2,1,91,1.0,0,0,0,0,0,0,0,0,0.00,0.00,0.00,0.00,0.00,Matches
461,Jens Nowotny,de GER,DF,de Leverkusen,26,1974,5,5,450,5.0,0,0,0,0,0,0,3,0,0.00,0.00,0.00,0.00,0.00,Matches
462,Arthur Numan,nl NED,DF,sct Rangers,30,1969,5,5,444,4.9,0,0,0,0,0,0,2,1,0.00,0.00,0.00,0.00,0.00,Matches
463,Mika Nurmela,fi FIN,MF,nl Heerenveen,28,1971,6,6,540,6.0,0,1,1,0,0,0,1,0,0.00,0.17,0.17,0.00,0.17,Matches
464,Godfrey Nwankpa,ng NGA,MF,nl Heerenveen,21,1978,1,0,30,0.3,0,0,0,0,0,0,0,0,0.00,0.00,0.00,0.00,0.00,Matches
465,Fabián O'Neill,uy URU,MF,it Juventus,26,1973,2,1,131,1.5,0,0,0,0,0,0,1,0,0.00,0.00,0.00,0.00,0.00,Matches
466,Josef Obajdin,cz CZE,FW,cz Sparta Prague,29,1970,4,4,334,3.7,0,0,0,0,0,0,0,0,0.00,0.00,0.00,0.00,0.00,Matches
467,Peter Ofori-Quaye,gh GHA,FW,gr Olympiacos,20,1980,5,2,314,3.5,1,0,1,1,0,0,1,0,0.29,0.00,0.29,0.29,0.29,Matches
468,Pascal Ojigwe,ng NGA,"DF,MF",de Leverkusen,23,1976,4,3,241,2.7,0,0,0,0,0,0,0,0,0.00,0.00,0.00,0.00,0.00,Matches
469,Jay-Jay Okocha,ng NGA,MF,fr Paris Saint-Germain,26,1973,6,3,319,3.5,1,0,1,1,0,0,0,0,0.28,0.00,0.28,0.28,0.28,Matches
470,Isaac Okoronkwo,ng NGA,DF,ua Shakhtar Donetsk,22,1978,3,3,270,3.0,0,0,0,0,0,0,0,0,0.00,0.00,0.00,0.00,0.00,Matches
471,Godwin Okpara,ng NGA,DF,fr Paris Saint-Germain,27,1972,1,0,17,0.2,0,0,0,0,0,0,0,0,0.00,0.00,0.00,0.00,0.00,Matches
472,Percy Olivares,pe PER,"DF,MF",gr Panathinaikos,32,1968,10,8,691,7.7,0,0,0,0,0,0,1,0,0.00,0.00,0.00,0.00,0.00,Matches
473,André Ooijer,nl NED,DF,nl PSV,26,1974,4,3,279,3.1,1,0,1,1,0,0,1,0,0.32,0.00,0.32,0.32,0.32,Matches
474,José Oscar Flores,ar ARG,FW,es Dep La Coruña,29,1971,7,4,362,4.0,1,1,2,1,0,0,0,0,0.25,0.25,0.50,0.25,0.50,Matches
475,Marc Overmars,nl NED,"FW,MF",es Barcelona,27,1973,3,2,207,2.3,0,0,0,0,0,0,0,0,0.00,0.00,0.00,0.00,0.00,Matches
Rk,Player,Nation,Pos,Squad,Age,Born,MP,Starts,Min,90s,Gls,Ast,G+A,G-PK,PK,PKatt,CrdY,CrdR,Gls,Ast,G+A,G-PK,G+A-PK,Matches
476,Davy Oyen,be BEL,DF,be Anderlecht,25,1975,2,0,55,0.6,0,0,0,0,0,0,1,0,0.00,0.00,0.00,0.00,0.00,Matches
477,Mehmet Özdilek,tr TUR,MF,tr Beşiktaş,34,1966,5,3,284,3.2,0,0,0,0,0,0,0,0,0.00,0.00,0.00,0.00,0.00,Matches
478,Manuel Pablo,es ESP,DF,es Dep La Coruña,24,1976,14,14,"1,26",14.0,0,1,1,0,0,0,1,0,0.00,0.07,0.07,0.00,0.07,Matches
479,Grégory Paisley,fr FRA,DF,fr Paris Saint-Germain,23,1977,1,0,1,0.0,0,0,0,0,0,0,0,0,0.00,0.00,0.00,0.00,0.00,Matches
480,Andrés Palop,es ESP,GK,es Valencia,26,1973,1,1,90,1.0,0,0,0,0,0,0,1,0,0.00,0.00,0.00,0.00,0.00,Matches
481,Andrej Panadić,yu YUG,DF,de Hamburger SV,31,1969,6,6,540,6.0,1,0,1,1,0,0,0,0,0.17,0.00,0.17,0.17,0.17,Matches
482,Giuseppe Pancaro,it ITA,DF,it Lazio,28,1971,10,10,900,10.0,0,2,2,0,0,0,1,0,0.00,0.20,0.20,0.00,0.20,Matches
483,Walter Pandiani,uy URU,FW,es Dep La Coruña,24,1976,12,6,663,7.4,5,1,6,5,0,0,1,0,0.68,0.14,0.81,0.68,0.81,Matches
484,Petr Papoušek,cz CZE,MF,cz Sparta Prague,23,1977,4,2,175,1.9,0,0,0,0,0,0,0,0,0.00,0.00,0.00,0.00,0.00,Matches
485,Michele Paramatti,it ITA,DF,it Juventus,32,1968,3,2,198,2.2,0,0,0,0,0,0,1,0,0.00,0.00,0.00,0.00,0.00,Matches
486,Dmytro Parfenov,ua UKR,DF,ru Spartak Moscow,25,1974,10,10,862,9.6,1,0,1,0,1,2,3,0,0.10,0.00,0.10,0.00,0.00,Matches
487,Ray Parlour,eng ENG,MF,eng Arsenal,27,1973,10,9,745,8.3,2,0,2,2,0,0,4,0,0.24,0.00,0.24,0.24,0.24,Matches
488,Líbero Parri,es ESP,MF,es Valencia,18,1982,2,2,124,1.4,0,0,0,0,0,0,0,0,0.00,0.00,0.00,0.00,0.00,Matches
489,Christos Patsatzoglou,gr GRE,"DF,MF",gr Olympiacos,21,1979,6,6,524,5.8,0,0,0,0,0,0,1,0,0.00,0.00,0.00,0.00,0.00,Matches
490,Francisco Pavón,es ESP,DF,es Real Madrid,20,1980,1,0,5,0.1,0,0,0,0,0,0,0,0,0.00,0.00,0.00,0.00,0.00,Matches
491,Mauricio Pellegrino,ar ARG,DF,es Valencia,28,1971,16,16,"1,47",16.3,0,0,0,0,0,0,4,0,0.00,0.00,0.00,0.00,0.00,Matches
492,Ergün Penbe,tr TUR,"DF,MF",tr Galatasaray,28,1972,11,11,945,10.5,1,3,4,0,1,1,0,0,0.10,0.29,0.38,0.00,0.29,Matches
493,Nélson Pereira,pt POR,GK,pt Sporting CP,24,1975,2,2,180,2.0,0,0,0,0,0,0,0,0,0.00,0.00,0.00,0.00,0.00,Matches
494,Alfonso Pérez,es ESP,FW,es Barcelona,27,1972,4,2,195,2.2,0,0,0,0,0,0,0,0,0.00,0.00,0.00,0.00,0.00,Matches
495,Nicklas Persson,se SWE,DF,se Helsingborg,35,1965,6,6,521,5.8,1,0,1,1,0,0,1,0,0.17,0.00,0.17,0.17,0.17,Matches
496,Angelo Peruzzi,it ITA,GK,it Lazio,30,1970,7,7,630,7.0,0,0,0,0,0,0,0,0,0.00,0.00,0.00,0.00,0.00,Matches
497,Emanuele Pesaresi,it ITA,DF,it Lazio,23,1976,3,3,270,3.0,0,0,0,0,0,0,1,0,0.00,0.00,0.00,0.00,0.00,Matches
498,Gianluca Pessotto,it ITA,"DF,MF",it Juventus,29,1970,6,6,495,5.5,0,0,0,0,0,0,0,0,0.00,0.00,0.00,0.00,0.00,Matches
499,Emmanuel Petit,fr FRA,"DF,MF",es Barcelona,29,1970,4,3,241,2.7,0,0,0,0,0,0,0,0,0.00,0.00,0.00,0.00,0.00,Matches
500,Karlheinz Pflipsen,de GER,MF,gr Panathinaikos,29,1970,4,0,80,0.9,0,0,0,0,0,0,0,0,0.00,0.00,0.00,0.00,0.00,Matches
Rk,Player,Nation,Pos,Squad,Age,Born,MP,Starts,Min,90s,Gls,Ast,G+A,G-PK,PK,PKatt,CrdY,CrdR,Gls,Ast,G+A,G-PK,G+A-PK,Matches
501,João Pinto,pt POR,"FW,MF",pt Sporting CP,28,1971,5,4,350,3.9,0,0,0,0,0,0,2,1,0.00,0.00,0.00,0.00,0.00,Matches
502,Robert Pirès,fr FRA,"FW,MF",eng Arsenal,26,1973,12,11,819,9.1,1,3,4,1,0,0,1,0,0.11,0.33,0.44,0.11,0.44,Matches
503,Nikolai Pisarev,ru RUS,FW,ru Spartak Moscow,31,1968,2,0,43,0.5,0,0,0,0,0,0,0,0,0.00,0.00,0.00,0.00,0.00,Matches
504,Robson Ponte,br BRA,"FW,MF",de Leverkusen,23,1976,2,1,91,1.0,0,0,0,0,0,0,0,0,0.00,0.00,0.00,0.00,0.00,Matches
505,Serhiy Popov,ua UKR,DF,ua Shakhtar Donetsk,29,1971,5,4,388,4.3,0,0,0,0,0,0,3,1,0.00,0.00,0.00,0.00,0.00,Matches
506,Ranko Popović,rs SRB,DF,at Sturm Graz,33,1967,5,5,396,4.4,0,0,0,0,0,0,3,0,0.00,0.00,0.00,0.00,0.00,Matches
507,Stéphane Porato,fr FRA,GK,fr Monaco,26,1973,6,6,540,6.0,0,0,0,0,0,0,0,0,0.00,0.00,0.00,0.00,0.00,Matches
508,Hugo Porfírio,pt POR,"FW,MF",pt Sporting CP,26,1973,5,3,346,3.8,0,0,0,0,0,0,0,0,0.00,0.00,0.00,0.00,0.00,Matches
509,Sergio Porrini,it ITA,DF,sct Rangers,31,1968,2,2,167,1.9,0,0,0,0,0,0,0,0,0.00,0.00,0.00,0.00,0.00,Matches
510,Tomáš Poštulka,cz CZE,GK,cz Sparta Prague,26,1974,5,5,450,5.0,0,0,0,0,0,0,0,0,0.00,0.00,0.00,0.00,0.00,Matches
511,Ilias Poursanidis,gr GRE,"DF,MF",gr Olympiacos,28,1972,4,2,161,1.8,0,0,0,0,0,0,1,0,0.00,0.00,0.00,0.00,0.00,Matches
512,Roy Präger,de GER,FW,de Hamburger SV,28,1971,6,3,366,4.1,1,0,1,1,0,0,0,0,0.25,0.00,0.25,0.25,0.25,Matches
513,César Prates,br BRA,"DF,MF",pt Sporting CP,25,1975,6,6,540,6.0,0,0,0,0,0,0,1,0,0.00,0.00,0.00,0.00,0.00,Matches
514,Rade Prica,se SWE,FW,se Helsingborg,20,1980,6,3,240,2.7,1,0,1,1,0,0,0,0,0.37,0.00,0.37,0.37,0.37,Matches
515,Gilbert Prilasnig,at AUT,DF,at Sturm Graz,27,1973,11,10,876,9.7,1,1,2,1,0,0,2,1,0.10,0.10,0.21,0.10,0.21,Matches
516,Martin Prohászka,sk SVK,FW,cz Sparta Prague,26,1973,3,0,57,0.6,0,0,0,0,0,0,0,0,0.00,0.00,0.00,0.00,0.00,Matches
517,Dado Pršo,hr CRO,FW,fr Monaco,25,1974,5,1,209,2.3,0,1,1,0,0,0,0,0,0.00,0.43,0.43,0.00,0.43,Matches
518,Carles Puyol,es ESP,DF,es Barcelona,22,1978,3,3,270,3.0,0,0,0,0,0,0,0,0,0.00,0.00,0.00,0.00,0.00,Matches
519,Éric Rabésandratana,mg MAD,"DF,MF",fr Paris Saint-Germain,27,1972,9,6,664,7.4,0,0,0,0,0,0,3,0,0.00,0.00,0.00,0.00,0.00,Matches
520,Lucas Radebe,za RSA,DF,eng Leeds United,31,1969,8,8,693,7.7,0,0,0,0,0,0,0,0,0.00,0.00,0.00,0.00,0.00,Matches
521,Arkadiusz Radomski,pl POL,MF,nl Heerenveen,23,1977,5,5,384,4.3,0,0,0,0,0,0,1,0,0.00,0.00,0.00,0.00,0.00,Matches
522,Tomasz Radzinski,ca CAN,FW,be Anderlecht,26,1973,12,12,"1,021",11.3,5,1,6,5,0,0,1,0,0.44,0.09,0.53,0.44,0.53,Matches
523,Aleksandar Railić,ba BIH,MF,be Anderlecht,20,1979,7,5,460,5.1,0,0,0,0,0,0,1,0,0.00,0.00,0.00,0.00,0.00,Matches
524,Carsten Ramelow,de GER,"DF,MF",de Leverkusen,26,1974,5,5,429,4.8,1,0,1,1,0,0,1,0,0.21,0.00,0.21,0.21,0.21,Matches
525,Michelangelo Rampulla,it ITA,GK,it Juventus,37,1962,1,0,35,0.4,0,0,0,0,0,0,0,0,0.00,0.00,0.00,0.00,0.00,Matches
Rk,Player,Nation,Pos,Squad,Age,Born,MP,Starts,Min,90s,Gls,Ast,G+A,G-PK,PK,PKatt,CrdY,CrdR,Gls,Ast,G+A,G-PK,G+A-PK,Matches
526,Adil Ramzi,ma MAR,"FW,MF",nl PSV,23,1977,3,3,237,2.6,2,0,2,2,0,0,0,0,0.76,0.00,0.76,0.76,0.76,Matches
527,Raúl,es ESP,FW,es Real Madrid,23,1977,9,9,725,8.1,7,2,9,7,0,0,0,0,0.87,0.25,1.12,0.87,1.12,Matches
528,Fabrizio Ravanelli,it ITA,FW,it Lazio,31,1968,6,3,336,3.7,2,0,2,2,0,0,2,0,0.54,0.00,0.54,0.54,0.54,Matches
529,Jörg Reeb,de GER,"DF,MF",de Leverkusen,28,1972,3,3,270,3.0,0,0,0,0,0,0,0,0,0.00,0.00,0.00,0.00,0.00,Matches
530,Hannes Reinmayr,at AUT,"FW,MF",at Sturm Graz,30,1969,8,7,502,5.6,0,1,1,0,0,0,1,0,0.00,0.18,0.18,0.00,0.18,Matches
531,Michael Reiziger,nl NED,DF,es Barcelona,27,1973,3,3,221,2.5,0,0,0,0,0,0,0,0,0.00,0.00,0.00,0.00,0.00,Matches
532,Claudio Reyna,us USA,MF,sct Rangers,27,1973,4,4,356,4.0,0,0,0,0,0,0,0,0,0.00,0.00,0.00,0.00,0.00,Matches
533,Fernando Ricksen,nl NED,"DF,MF",sct Rangers,24,1976,1,1,90,1.0,0,0,0,0,0,0,0,0,0.00,0.00,0.00,0.00,0.00,Matches
534,Paulo Rink,de GER,"FW,MF",de Leverkusen,27,1973,6,5,426,4.7,1,0,1,1,0,0,2,0,0.21,0.00,0.21,0.21,0.21,Matches
535,Rivaldo,br BRA,"FW,MF",es Barcelona,28,1972,6,6,522,5.8,6,1,7,5,1,1,1,0,01.03,0.17,1.21,0.86,01.03,Matches
536,Alberto Rivera,es ESP,MF,es Real Madrid,22,1978,3,2,181,2.0,0,0,0,0,0,0,0,0,0.00,0.00,0.00,0.00,0.00,Matches
537,Laurent Robert,fr FRA,"FW,MF",fr Paris Saint-Germain,25,1975,10,9,804,8.9,3,4,7,2,1,1,0,0,0.34,0.45,0.78,0.22,0.67,Matches
538,Zé Roberto,br BRA,"DF,MF",de Leverkusen,26,1974,5,4,398,4.4,0,0,0,0,0,0,1,0,0.00,0.00,0.00,0.00,0.00,Matches
539,Paul Robinson,eng ENG,GK,eng Leeds United,20,1979,6,6,540,6.0,0,0,0,0,0,0,0,0,0.00,0.00,0.00,0.00,0.00,Matches
540,Luis Robson,br BRA,FW,ru Spartak Moscow,25,1974,12,12,989,11.0,2,3,5,2,0,0,2,0,0.18,0.27,0.46,0.18,0.46,Matches
541,Julien Rodriguez,fr FRA,DF,fr Monaco,22,1978,1,1,90,1.0,0,1,1,0,0,0,0,0,0.00,1.00,1.00,0.00,1.00,Matches
542,Vicente Rodríguez,es ESP,"FW,MF",es Valencia,19,1981,13,5,499,5.5,0,1,1,0,0,0,0,0,0.00,0.18,0.18,0.00,0.18,Matches
543,Enrique Romero,es ESP,DF,es Dep La Coruña,29,1971,12,12,"1,08",12.0,0,0,0,0,0,0,0,0,0.00,0.00,0.00,0.00,0.00,Matches
544,Dennis Rommedahl,dk DEN,"FW,MF",nl PSV,22,1978,4,1,132,1.5,0,0,0,0,0,0,0,0,0.00,0.00,0.00,0.00,0.00,Matches
545,Tomáš Rosický,cz CZE,MF,cz Sparta Prague,19,1980,6,6,540,6.0,2,0,2,2,0,0,0,0,0.33,0.00,0.33,0.33,0.33,Matches
546,Sebastiano Rossi,it ITA,GK,it Milan,36,1964,1,1,90,1.0,0,0,0,0,0,0,0,0,0.00,0.00,0.00,0.00,0.00,Matches
547,Rubén,es ESP,DF,es Real Madrid,18,1982,1,0,3,0.0,0,0,0,0,0,0,0,0,0.00,0.00,0.00,0.00,0.00,Matches
548,Daniele Ruggiu,it ITA,FW,it Lazio,19,1981,2,0,8,0.1,0,0,0,0,0,0,0,0,0.00,0.00,0.00,0.00,0.00,Matches
549,Ricardo Sá Pinto,pt POR,FW,pt Sporting CP,27,1972,5,5,439,4.9,3,0,3,2,1,1,1,0,0.62,0.00,0.62,0.41,0.41,Matches
550,Simão Sabrosa,pt POR,MF,es Barcelona,20,1979,6,5,499,5.5,0,2,2,0,0,0,0,0,0.00,0.36,0.36,0.00,0.36,Matches
Rk,Player,Nation,Pos,Squad,Age,Born,MP,Starts,Min,90s,Gls,Ast,G+A,G-PK,PK,PKatt,CrdY,CrdR,Gls,Ast,G+A,G-PK,G+A-PK,Matches
551,Willy Sagnol,fr FRA,DF,de Bayern Munich,23,1977,14,12,"1,073",11.9,0,0,0,0,0,0,1,0,0.00,0.00,0.00,0.00,0.00,Matches
552,Luigi Sala,it ITA,DF,it Milan,26,1974,4,3,310,3.4,0,0,0,0,0,0,1,0,0.00,0.00,0.00,0.00,0.00,Matches
553,Marcelo Salas,cl CHI,FW,it Lazio,25,1974,9,7,607,6.7,0,0,0,0,0,0,1,0,0.00,0.00,0.00,0.00,0.00,Matches
554,Míchel Salgado,es ESP,DF,es Real Madrid,24,1975,11,11,976,10.8,0,1,1,0,0,0,2,0,0.00,0.09,0.09,0.00,0.09,Matches
555,Hasan Salihamidžić,ba BIH,"DF,MF",de Bayern Munich,23,1977,15,15,"1,324",14.7,2,1,3,2,0,0,5,0,0.14,0.07,0.20,0.14,0.20,Matches
556,César Sampaio,br BRA,MF,es Dep La Coruña,32,1968,5,2,320,3.6,0,1,1,0,0,0,0,0,0.00,0.28,0.28,0.00,0.28,Matches
557,César Sánchez,es ESP,GK,es Real Madrid,28,1971,5,5,450,5.0,0,0,0,0,0,0,1,0,0.00,0.00,0.00,0.00,0.00,Matches
558,Juan Sánchez,es ESP,FW,es Valencia,28,1972,14,10,"1,018",11.3,5,1,6,5,0,0,1,0,0.44,0.09,0.53,0.44,0.53,Matches
559,Víctor Sánchez,es ESP,MF,es Dep La Coruña,24,1976,12,10,835,9.3,2,2,4,2,0,0,1,0,0.22,0.22,0.43,0.22,0.43,Matches
560,Manolo Sanchís,es ESP,DF,es Real Madrid,35,1965,3,3,176,2.0,0,0,0,0,0,0,0,0,0.00,0.00,0.00,0.00,0.00,Matches
561,Roque Santa Cruz,py PAR,FW,de Bayern Munich,18,1981,6,2,241,2.7,0,1,1,0,0,0,0,1,0.00,0.37,0.37,0.00,0.37,Matches
562,Álvaro Santos,br BRA,FW,se Helsingborg,20,1980,6,4,435,4.8,1,0,1,1,0,0,0,0,0.21,0.00,0.21,0.21,0.21,Matches
563,Daniel Šarić,hr CRO,"DF,MF",gr Panathinaikos,27,1972,6,5,438,4.9,0,1,1,0,0,0,0,0,0.00,0.21,0.21,0.00,0.21,Matches
564,Hasan Şaş,tr TUR,MF,tr Galatasaray,23,1976,12,10,880,9.8,2,1,3,2,0,0,4,0,0.20,0.10,0.31,0.20,0.31,Matches
565,Luca Saudati,it ITA,"FW,MF",it Milan,22,1978,2,1,62,0.7,0,0,0,0,0,0,0,0,0.00,0.00,0.00,0.00,0.00,Matches
566,Sávio,br BRA,MF,es Real Madrid,26,1974,8,4,450,5.0,1,0,1,1,0,0,1,0,0.20,0.00,0.20,0.20,0.20,Matches
567,Marian Savu,ro ROU,FW,ua Shakhtar Donetsk,27,1972,1,0,5,0.1,0,0,0,0,0,0,0,0,0.00,0.00,0.00,0.00,0.00,Matches
568,Lionel Scaloni,ar ARG,"DF,MF",es Dep La Coruña,22,1978,12,4,381,4.2,1,0,1,1,0,0,1,0,0.24,0.00,0.24,0.24,0.24,Matches
569,Josef Schicklgruber,at AUT,GK,at Sturm Graz,33,1967,5,4,369,4.1,0,0,0,0,0,0,0,0,0.00,0.00,0.00,0.00,0.00,Matches
570,Peter Schmeichel,dk DEN,GK,pt Sporting CP,36,1963,4,4,360,4.0,0,0,0,0,0,0,0,0,0.00,0.00,0.00,0.00,0.00,Matches
571,Bernd Schneider,de GER,"DF,MF",de Leverkusen,26,1973,5,3,274,3.0,1,1,2,1,0,0,0,0,0.33,0.33,0.66,0.33,0.66,Matches
572,Paul Scholes,eng ENG,MF,eng Manchester Utd,25,1974,12,12,"1,042",11.6,6,1,7,5,1,1,4,0,0.52,0.09,0.60,0.43,0.52,Matches
573,Mehmet Scholl,de GER,MF,de Bayern Munich,29,1970,16,13,"1,206",13.4,5,3,8,4,1,1,2,0,0.37,0.22,0.60,0.30,0.52,Matches
574,Markus Schopp,at AUT,MF,at Sturm Graz,26,1974,10,10,875,9.7,4,0,4,4,0,0,4,0,0.41,0.00,0.41,0.41,0.41,Matches
575,Markus Schupp,de GER,MF,at Sturm Graz,34,1966,10,10,844,9.4,1,0,1,1,0,0,1,0,0.11,0.00,0.11,0.11,0.11,Matches
Rk,Player,Nation,Pos,Squad,Age,Born,MP,Starts,Min,90s,Gls,Ast,G+A,G-PK,PK,PKatt,CrdY,CrdR,Gls,Ast,G+A,G-PK,G+A-PK,Matches
576,David Seaman,eng ENG,GK,eng Arsenal,36,1963,10,10,900,10.0,0,0,0,0,0,0,1,0,0.00,0.00,0.00,0.00,0.00,Matches
577,Juan Sebastián Verón,ar ARG,MF,it Lazio,25,1975,7,7,598,6.6,1,3,4,1,0,0,3,0,0.15,0.45,0.60,0.15,0.60,Matches
578,Giourkas Seitaridis,gr GRE,DF,gr Panathinaikos,19,1981,2,2,180,2.0,1,0,1,1,0,0,2,0,0.50,0.00,0.50,0.50,0.50,Matches
579,Serhiy Serebrennikov,ua UKR,MF,ua Dynamo Kyiv,23,1976,2,0,31,0.3,0,0,0,0,0,0,0,0,0.00,0.00,0.00,0.00,0.00,Matches
580,Serginho,br BRA,"DF,MF",it Milan,29,1971,9,4,417,4.6,1,0,1,1,0,0,0,0,0.22,0.00,0.22,0.22,0.22,Matches
581,Paulo Sérgio,br BRA,"FW,MF",de Bayern Munich,31,1969,11,4,386,4.3,3,0,3,3,0,0,1,0,0.70,0.00,0.70,0.70,0.70,Matches
582,Ciriaco Sforza,ch SUI,"DF,MF",de Bayern Munich,30,1970,9,8,741,8.2,0,0,0,0,0,0,2,0,0.00,0.00,0.00,0.00,0.00,Matches
583,Maksim Shatskikh,uz UZB,FW,ua Dynamo Kyiv,21,1978,5,5,409,4.5,2,1,3,2,0,0,0,0,0.44,0.22,0.66,0.44,0.66,Matches
584,Teddy Sheringham,eng ENG,FW,eng Manchester Utd,34,1966,11,8,720,8.0,5,2,7,5,0,0,0,0,0.62,0.25,0.87,0.62,0.87,Matches
585,Andriy Shevchenko,ua UKR,FW,it Milan,23,1976,12,12,"1,08",12.0,5,0,5,2,3,4,1,0,0.42,0.00,0.42,0.17,0.17,Matches
586,Vyacheslav Shevchuk,ua UKR,DF,ua Shakhtar Donetsk,21,1979,3,3,270,3.0,0,0,0,0,0,0,0,0,0.00,0.00,0.00,0.00,0.00,Matches
587,Aleksandr Shirko,ru RUS,FW,ru Spartak Moscow,23,1976,4,2,178,2.0,0,1,1,0,0,0,0,0,0.00,0.51,0.51,0.00,0.51,Matches
588,Aleksandr Shmarko,ru RUS,DF,ua Shakhtar Donetsk,31,1969,2,1,106,1.2,0,0,0,0,0,0,0,0,0.00,0.00,0.00,0.00,0.00,Matches
589,Ike Shorunmu,ng NGA,GK,tr Beşiktaş,32,1967,5,5,450,5.0,0,0,0,0,0,0,0,0,0.00,0.00,0.00,0.00,0.00,Matches
590,Oleksandr Shovkovskiy,ua UKR,GK,ua Dynamo Kyiv,25,1975,6,6,540,6.0,0,0,0,0,0,0,0,0,0.00,0.00,0.00,0.00,0.00,Matches
591,Kazimierz Sidorczuk,pl POL,GK,at Sturm Graz,33,1967,8,8,711,7.9,0,0,0,0,0,0,0,0,0.00,0.00,0.00,0.00,0.00,Matches
592,Horst Siegl,cz CZE,FW,cz Sparta Prague,31,1969,3,1,119,1.3,0,0,0,0,0,0,1,0,0.00,0.00,0.00,0.00,0.00,Matches
593,Helgi Sigurðsson,is ISL,FW,gr Panathinaikos,25,1974,1,0,19,0.2,0,0,0,0,0,0,0,0,0.00,0.00,0.00,0.00,0.00,Matches
594,Mauro Silva,br BRA,MF,es Dep La Coruña,32,1968,10,10,832,9.2,0,1,1,0,0,0,2,0,0.00,0.11,0.11,0.00,0.11,Matches
595,Mikaël Silvestre,fr FRA,DF,eng Manchester Utd,22,1977,14,13,"1,097",12.2,0,0,0,0,0,0,2,0,0.00,0.00,0.00,0.00,0.00,Matches
596,Diego Simeone,ar ARG,MF,it Lazio,30,1970,8,8,711,7.9,1,0,1,1,0,0,2,0,0.13,0.00,0.13,0.13,0.13,Matches
597,Marco Simone,it ITA,"FW,MF",fr Monaco,31,1969,6,6,505,5.6,6,1,7,5,1,1,1,0,01.07,0.18,1.25,0.89,01.07,Matches
598,Libor Sionko,cz CZE,MF,cz Sparta Prague,23,1977,3,3,263,2.9,0,1,1,0,0,0,1,0,0.00,0.34,0.34,0.00,0.34,Matches
599,Bent Skammelsrud,no NOR,MF,no Rosenborg,34,1966,6,6,540,6.0,1,2,3,0,1,1,1,0,0.17,0.33,0.50,0.00,0.33,Matches
600,Alan Smith,eng ENG,"FW,MF",eng Leeds United,19,1980,14,14,"1,248",13.9,5,1,6,5,0,0,3,1,0.36,0.07,0.43,0.36,0.43,Matches
Rk,Player,Nation,Pos,Squad,Age,Born,MP,Starts,Min,90s,Gls,Ast,G+A,G-PK,PK,PKatt,CrdY,CrdR,Gls,Ast,G+A,G-PK,G+A-PK,Matches
601,Santiago Solari,ar ARG,MF,es Real Madrid,23,1976,10,4,387,4.3,1,2,3,1,0,0,1,0,0.23,0.47,0.70,0.23,0.70,Matches
602,Jacques Songo'o,cm CMR,GK,es Dep La Coruña,36,1964,1,1,90,1.0,0,0,0,0,0,0,0,0,0.00,0.00,0.00,0.00,0.00,Matches
603,Paulo Sousa,pt POR,MF,gr Panathinaikos,29,1970,3,3,144,1.6,1,1,2,1,0,0,0,0,0.62,0.62,1.25,0.62,1.25,Matches
604,Luciano de Souza,br BRA,MF,gr Olympiacos,27,1972,5,4,376,4.2,0,2,2,0,0,0,2,0,0.00,0.48,0.48,0.00,0.48,Matches
605,Jaap Stam,nl NED,DF,eng Manchester Utd,28,1972,6,6,540,6.0,0,0,0,0,0,0,1,0,0.00,0.00,0.00,0.00,0.00,Matches
606,Dejan Stanković,rs SRB,MF,it Lazio,21,1978,9,8,663,7.4,0,0,0,0,0,0,2,1,0.00,0.00,0.00,0.00,0.00,Matches
607,Mykhaylo Starostyak,ua UKR,DF,ua Shakhtar Donetsk,26,1973,5,4,343,3.8,0,0,0,0,0,0,1,0,0.00,0.00,0.00,0.00,0.00,Matches
608,Ståle Stensaas,no NOR,DF,no Rosenborg,29,1971,6,6,534,5.9,0,0,0,0,0,0,0,0,0.00,0.00,0.00,0.00,0.00,Matches
609,Alin Stoica,ro ROU,MF,be Anderlecht,20,1979,11,7,715,7.9,4,0,4,4,0,0,1,0,0.50,0.00,0.50,0.50,0.50,Matches
610,Andrejs Štolcers,lv LVA,MF,ru Spartak Moscow,26,1974,3,3,154,1.7,0,0,0,0,0,0,1,0,0.00,0.00,0.00,0.00,0.00,Matches
611,Kenneth Storvik,no NOR,MF,no Rosenborg,28,1972,2,0,7,0.1,0,0,0,0,0,0,0,0,0.00,0.00,0.00,0.00,0.00,Matches
612,Gerald Strafner,at AUT,"DF,MF",at Sturm Graz,27,1973,8,2,305,3.4,0,1,1,0,0,0,0,0,0.00,0.30,0.30,0.00,0.30,Matches
613,Roar Strand,no NOR,MF,no Rosenborg,30,1970,6,4,400,4.4,2,0,2,2,0,0,0,0,0.45,0.00,0.45,0.45,0.45,Matches
614,Thomas Strunz,de GER,MF,de Bayern Munich,32,1968,2,0,40,0.4,0,0,0,0,0,0,0,0,0.00,0.00,0.00,0.00,0.00,Matches
615,Yasin Sülün,tr TUR,MF,tr Beşiktaş,22,1977,5,4,340,3.8,0,0,0,0,0,0,0,0,0.00,0.00,0.00,0.00,0.00,Matches
616,Zdeněk Svoboda,cz CZE,MF,cz Sparta Prague,28,1972,4,4,313,3.5,0,0,0,0,0,0,0,0,0.00,0.00,0.00,0.00,0.00,Matches
617,Sylvinho,br BRA,DF,eng Arsenal,26,1974,7,6,510,5.7,2,1,3,2,0,0,0,0,0.35,0.18,0.53,0.35,0.53,Matches
618,Imre Szabics,hu HUN,FW,at Sturm Graz,19,1981,7,0,136,1.5,0,0,0,0,0,0,1,0,0.00,0.00,0.00,0.00,0.00,Matches
619,Jan-Derek Sørensen,no NOR,"FW,MF",no Rosenborg,28,1971,6,6,540,6.0,1,2,3,1,0,0,0,0,0.17,0.33,0.50,0.17,0.50,Matches
620,Alessio Tacchinardi,it ITA,MF,it Juventus,25,1975,5,5,417,4.6,1,0,1,1,0,0,1,0,0.22,0.00,0.22,0.22,0.22,Matches
621,Cláudio Taffarel,br BRA,GK,tr Galatasaray,34,1966,11,11,990,11.0,0,0,0,0,0,0,0,0,0.00,0.00,0.00,0.00,0.00,Matches
622,Jeffrey Talan,nl NED,"FW,MF",nl Heerenveen,28,1971,6,6,443,4.9,1,0,1,1,0,0,0,0,0.20,0.00,0.20,0.20,0.20,Matches
623,Michael Tarnat,de GER,"DF,MF",de Bayern Munich,30,1969,11,8,753,8.4,1,0,1,1,0,0,0,0,0.12,0.00,0.12,0.12,0.12,Matches
624,Stuart Taylor,eng ENG,GK,eng Arsenal,19,1980,1,1,90,1.0,0,0,0,0,0,0,0,0,0.00,0.00,0.00,0.00,0.00,Matches
625,Jerry-Christian Tchuissé,cm CMR,DF,ru Spartak Moscow,25,1975,11,11,957,10.6,0,1,1,0,0,0,0,0,0.00,0.09,0.09,0.00,0.09,Matches
Rk,Player,Nation,Pos,Squad,Age,Born,MP,Starts,Min,90s,Gls,Ast,G+A,G-PK,PK,PKatt,CrdY,CrdR,Gls,Ast,G+A,G-PK,G+A-PK,Matches
626,Dimas Teixeira,pt POR,DF,pt Sporting CP,31,1969,4,4,360,4.0,0,0,0,0,0,0,1,0,0.00,0.00,0.00,0.00,0.00,Matches
627,Rodrigo Tello,cl CHI,MF,pt Sporting CP,20,1979,3,0,72,0.8,0,0,0,0,0,0,0,0,0.00,0.00,0.00,0.00,0.00,Matches
628,Andrey Tikhonov,ru RUS,MF,ru Spartak Moscow,29,1970,2,2,180,2.0,0,0,0,0,0,0,0,0,0.00,0.00,0.00,0.00,0.00,Matches
629,Yegor Titov,ru RUS,"FW,MF",ru Spartak Moscow,24,1976,12,12,"1,043",11.6,4,0,4,4,0,0,1,0,0.35,0.00,0.35,0.35,0.35,Matches
630,Toñito,es ESP,MF,pt Sporting CP,23,1977,3,0,43,0.5,0,0,0,0,0,0,0,0,0.00,0.00,0.00,0.00,0.00,Matches
631,Tote,es ESP,"FW,MF",es Real Madrid,21,1978,3,0,48,0.5,0,0,0,0,0,0,0,0,0.00,0.00,0.00,0.00,0.00,Matches
632,David Trezeguet,fr FRA,FW,it Juventus,22,1977,5,2,221,2.5,1,0,1,1,0,0,1,0,0.41,0.00,0.41,0.41,0.41,Matches
633,Diego Tristán,es ESP,FW,es Dep La Coruña,24,1976,11,6,554,6.2,2,0,2,2,0,0,0,0,0.32,0.00,0.32,0.32,0.32,Matches
634,Tor Trondsen,no NOR,DF,no Rosenborg,23,1976,1,0,20,0.2,0,0,0,0,0,0,0,0,0.00,0.00,0.00,0.00,0.00,Matches
635,Igor Tudor,hr CRO,DF,it Juventus,22,1978,5,5,450,5.0,1,0,1,1,0,0,0,0,0.20,0.00,0.20,0.20,0.20,Matches
636,Ignacio Tuhuteru,nl NED,MF,nl Heerenveen,26,1973,2,0,60,0.7,0,0,0,0,0,0,0,0,0.00,0.00,0.00,0.00,0.00,Matches
637,Fevzi Tuncay,tr TUR,GK,tr Beşiktaş,22,1977,1,1,90,1.0,0,0,0,0,0,0,0,0,0.00,0.00,0.00,0.00,0.00,Matches
638,Anatoliy Tymoshchuk,ua UKR,"DF,MF",ua Shakhtar Donetsk,21,1979,6,6,540,6.0,0,0,0,0,0,0,1,0,0.00,0.00,0.00,0.00,0.00,Matches
639,Stig Tøfting,dk DEN,MF,de Hamburger SV,30,1969,6,5,514,5.7,0,0,0,0,0,0,2,0,0.00,0.00,0.00,0.00,0.00,Matches
640,Fazlı Ulusal,tr TUR,FW,tr Beşiktaş,26,1974,2,0,22,0.2,0,0,0,0,0,0,0,0,0.00,0.00,0.00,0.00,0.00,Matches
641,Hakan Ünsal,tr TUR,DF,tr Galatasaray,27,1973,8,8,637,7.1,2,2,4,2,0,0,2,0,0.28,0.28,0.57,0.28,0.57,Matches
642,Matt Upson,eng ENG,DF,eng Arsenal,21,1979,1,1,90,1.0,0,0,0,0,0,0,0,0,0.00,0.00,0.00,0.00,0.00,Matches
643,İbrahim Üzülmez,tr TUR,"DF,MF",tr Beşiktaş,26,1974,6,6,368,4.1,0,0,0,0,0,0,1,0,0.00,0.00,0.00,0.00,0.00,Matches
644,Tony Vairelles,fr FRA,"DF,FW",fr Lyon,27,1973,5,2,204,2.3,0,1,1,0,0,0,0,0,0.00,0.44,0.44,0.00,0.44,Matches
645,Yves Vanderhaeghe,be BEL,MF,be Anderlecht,30,1970,11,10,884,9.8,0,0,0,0,0,0,2,0,0.00,0.00,0.00,0.00,0.00,Matches
646,Vladyslav Vashchuk,ua UKR,DF,ua Dynamo Kyiv,25,1975,6,5,433,4.8,0,0,0,0,0,0,0,0,0.00,0.00,0.00,0.00,0.00,Matches
647,Ivica Vastić,at AUT,"FW,MF",at Sturm Graz,30,1969,8,8,720,8.0,0,0,0,0,0,0,2,0,0.00,0.00,0.00,0.00,0.00,Matches
648,Ronny Venema,nl NED,DF,nl Heerenveen,25,1974,6,6,540,6.0,1,0,1,1,0,0,2,0,0.17,0.00,0.17,0.17,0.17,Matches
649,Tony Vidmar,au AUS,DF,sct Rangers,30,1970,3,2,165,1.8,0,0,0,0,0,0,0,0,0.00,0.00,0.00,0.00,0.00,Matches
650,Mark Viduka,au AUS,FW,eng Leeds United,24,1975,14,14,"1,225",13.6,4,4,8,4,0,0,1,0,0.29,0.29,0.59,0.29,0.59,Matches
Rk,Player,Nation,Pos,Squad,Age,Born,MP,Starts,Min,90s,Gls,Ast,G+A,G-PK,PK,PKatt,CrdY,CrdR,Gls,Ast,G+A,G-PK,G+A-PK,Matches
651,Patrick Vieira,fr FRA,MF,eng Arsenal,24,1976,12,12,"1,08",12.0,0,1,1,0,0,0,2,0,0.00,0.08,0.08,0.00,0.08,Matches
652,Philippe Violeau,fr FRA,MF,fr Lyon,29,1970,10,8,769,8.5,0,0,0,0,0,0,1,0,0.00,0.00,0.00,0.00,0.00,Matches
653,Yuriy Virt,ua UKR,GK,ua Shakhtar Donetsk,26,1974,6,6,540,6.0,0,0,0,0,0,0,1,0,0.00,0.00,0.00,0.00,0.00,Matches
654,Nelson Vivas,ar ARG,DF,eng Arsenal,30,1969,7,3,295,3.3,0,0,0,0,0,0,1,0,0.00,0.00,0.00,0.00,0.00,Matches
655,Goran Vlaović,hr CRO,FW,gr Panathinaikos,27,1972,7,3,276,3.1,0,0,0,0,0,0,0,0,0.00,0.00,0.00,0.00,0.00,Matches
656,Johann Vogel,ch SUI,MF,nl PSV,23,1977,6,6,540,6.0,0,0,0,0,0,0,1,0,0.00,0.00,0.00,0.00,0.00,Matches
657,Leonidas Vokolos,gr GRE,DF,gr Panathinaikos,29,1970,11,10,953,10.6,0,0,0,0,0,0,2,0,0.00,0.00,0.00,0.00,0.00,Matches
658,Hans Vonk,za RSA,GK,nl Heerenveen,30,1970,6,6,540,6.0,0,0,0,0,0,0,0,0,0.00,0.00,0.00,0.00,0.00,Matches
659,Andriy Vorobey,ua UKR,FW,ua Shakhtar Donetsk,21,1978,6,6,534,5.9,3,3,6,3,0,1,0,0,0.51,0.51,01.01,0.51,01.01,Matches
660,Jurica Vranješ,hr CRO,MF,de Leverkusen,20,1980,4,2,191,2.1,0,0,0,0,0,0,0,0,0.00,0.00,0.00,0.00,0.00,Matches
661,Erik Wahlstedt,se SWE,"DF,MF",se Helsingborg,24,1976,2,0,42,0.5,0,0,0,0,0,0,0,0,0.00,0.00,0.00,0.00,0.00,Matches
662,Rod Wallace,eng ENG,FW,sct Rangers,30,1969,2,1,85,0.9,0,0,0,0,0,0,0,0,0.00,0.00,0.00,0.00,0.00,Matches
663,Ronnie Wallwork,eng ENG,"DF,MF",eng Manchester Utd,22,1977,1,0,21,0.2,0,0,0,0,0,0,0,0,0.00,0.00,0.00,0.00,0.00,Matches
664,Krzysztof Warzycha,pl POL,FW,gr Panathinaikos,35,1964,11,7,689,7.7,2,0,2,2,0,0,1,0,0.26,0.00,0.26,0.26,0.26,Matches
665,Ronald Waterreus,nl NED,GK,nl PSV,29,1970,6,6,540,6.0,0,0,0,0,0,0,0,0,0.00,0.00,0.00,0.00,0.00,Matches
666,Stefan Wessels,de GER,GK,de Bayern Munich,21,1979,2,1,114,1.3,0,0,0,0,0,0,0,0,0.00,0.00,0.00,0.00,0.00,Matches
667,Michael Wiesinger,de GER,MF,de Bayern Munich,27,1972,5,3,330,3.7,0,1,1,0,0,0,0,0,0.00,0.27,0.27,0.00,0.27,Matches
668,Harvey Wijngaarde,nl NED,DF,nl Heerenveen,19,1981,1,0,19,0.2,0,0,0,0,0,0,0,0,0.00,0.00,0.00,0.00,0.00,Matches
669,Jason Wilcox,eng ENG,"FW,MF",eng Leeds United,29,1971,5,2,208,2.3,1,0,1,1,0,0,0,0,0.43,0.00,0.43,0.43,0.43,Matches
670,Scott Wilson,sct SCO,DF,sct Rangers,23,1977,2,1,109,1.2,0,0,0,0,0,0,0,0,0.00,0.00,0.00,0.00,0.00,Matches
671,Sylvain Wiltord,fr FRA,"FW,MF",eng Arsenal,26,1974,13,2,450,5.0,1,1,2,1,0,0,0,0,0.20,0.20,0.40,0.20,0.40,Matches
672,Fredrik Winsnes,no NOR,MF,no Rosenborg,24,1975,6,6,497,5.5,0,0,0,0,0,0,2,0,0.00,0.00,0.00,0.00,0.00,Matches
673,Jonathan Woodgate,eng ENG,DF,eng Leeds United,20,1980,4,4,360,4.0,0,0,0,0,0,0,1,0,0.00,0.00,0.00,0.00,0.00,Matches
674,Xavi,es ESP,MF,es Barcelona,20,1980,3,3,262,2.9,0,0,0,0,0,0,0,0,0.00,0.00,0.00,0.00,0.00,Matches
675,Igor Yanovsky,ru RUS,DF,fr Paris Saint-Germain,25,1974,4,1,132,1.5,0,0,0,0,0,0,0,0,0.00,0.00,0.00,0.00,0.00,Matches
Rk,Player,Nation,Pos,Squad,Age,Born,MP,Starts,Min,90s,Gls,Ast,G+A,G-PK,PK,PKatt,CrdY,CrdR,Gls,Ast,G+A,G-PK,G+A-PK,Matches
676,Oleg Yashchuk,ua UKR,FW,be Anderlecht,22,1977,2,1,85,0.9,0,0,0,0,0,0,0,0,0.00,0.00,0.00,0.00,0.00,Matches
677,Artem Yashkin,ua UKR,MF,ua Dynamo Kyiv,25,1975,2,1,67,0.7,0,0,0,0,0,0,0,0,0.00,0.00,0.00,0.00,0.00,Matches
678,Tony Yeboah,gh GHA,FW,de Hamburger SV,34,1966,6,5,383,4.3,2,0,2,2,0,0,0,0,0.47,0.00,0.47,0.47,0.47,Matches
679,Ahmet Yıldırım,tr TUR,"DF,MF",tr Galatasaray,26,1974,5,3,226,2.5,0,0,0,0,0,0,1,0,0.00,0.00,0.00,0.00,0.00,Matches
680,Dwight Yorke,tt TRI,"FW,MF",eng Manchester Utd,28,1971,11,7,635,7.1,1,3,4,1,0,0,0,0,0.14,0.43,0.57,0.14,0.57,Matches
681,Souleymane Youla,gn GUI,FW,be Anderlecht,18,1981,4,1,118,1.3,1,0,1,1,0,0,0,0,0.76,0.00,0.76,0.76,0.76,Matches
682,Sergei Yuran,ru RUS,FW,at Sturm Graz,31,1969,6,4,415,4.6,3,0,3,3,0,0,1,0,0.65,0.00,0.65,0.65,0.65,Matches
683,Rahim Zafer,tr TUR,DF,tr Beşiktaş,29,1971,2,0,10,0.1,0,0,0,0,0,0,0,0,0.00,0.00,0.00,0.00,0.00,Matches
684,Zlatko Zahovič,si SVN,"FW,MF",es Valencia,29,1971,8,4,433,4.8,1,2,3,1,0,0,0,0,0.21,0.42,0.62,0.21,0.62,Matches
685,Marco Zanchi,it ITA,DF,it Juventus,23,1977,2,1,92,1.0,0,0,0,0,0,0,1,0,0.00,0.00,0.00,0.00,0.00,Matches
686,Boudewijn Zenden,nl NED,"DF,FW",es Barcelona,23,1976,1,0,14,0.2,0,0,0,0,0,0,0,0,0.00,0.00,0.00,0.00,0.00,Matches
687,Pär Zetterberg,se SWE,MF,gr Olympiacos,29,1970,6,6,535,5.9,0,1,1,0,0,0,0,0,0.00,0.17,0.17,0.00,0.17,Matches
688,Alexander Zickler,de GER,FW,de Bayern Munich,26,1974,8,3,299,3.3,0,1,1,0,0,0,0,0,0.00,0.30,0.30,0.00,0.30,Matches
689,Zinédine Zidane,fr FRA,MF,it Juventus,28,1972,4,3,275,3.1,0,1,1,0,0,0,2,0,0.00,0.33,0.33,0.00,0.33,Matches
690,Boris Živković,hr CRO,DF,de Leverkusen,24,1975,6,6,540,6.0,0,2,2,0,0,0,1,0,0.00,0.33,0.33,0.00,0.33,Matches
691,Pascal Zuberbühler,ch SUI,GK,de Leverkusen,29,1971,5,5,450,5.0,0,0,0,0,0,0,0,0,0.00,0.00,0.00,0.00,0.00,Matches
692,Hennadiy Zubov,ua UKR,MF,ua Shakhtar Donetsk,22,1977,6,6,540,6.0,2,1,3,1,1,1,0,0,0.33,0.17,0.50,0.17,0.33,Matches
693,Predrag Đorđević,rs SRB,MF,gr Olympiacos,27,1972,6,6,540,6.0,2,0,2,1,1,1,0,0,0.33,0.00,0.33,0.17,0.17,Matches
694,Miroslav Đukić,rs SRB,DF,es Valencia,34,1966,12,10,972,10.8,0,0,0,0,0,0,2,0,0.00,0.00,0.00,0.00,0.00,Matches